,번호,발생시각,규모,깊이(km),최대진도,위도,경도,위치
0,1075,2023-07-29 19:07:59,3.5,6,Ⅴ,35.80,127.53,전북 장수군 북쪽 17km 지역
2,1073,2023-07-17 10:37:10,2.4,13,Ⅲ,35.31,128.58,경남 함안군 동북동쪽 16km 지역
7,1068,2023-06-17 22:34:38,2.1,30,Ⅰ,37.86,129.50,강원 동해시 북동쪽 50km 해역
8,1067,2023-06-16 06:03:01,3.1,25,Ⅰ,34.02,124.80,전남 신안군 흑산도 남서쪽 92km 해역
9,1066,2023-06-13 14:23:07,2.0,21,Ⅱ,35.07,128.50,경남 창원시 마산합포구 남남서쪽 15km 해역
11,1064,2023-06-05 12:42:18,2.1,5,Ⅲ,35.77,127.18,전북 완주군 남쪽 15km 지역
13,1062,2023-05-22 03:39:18,2.3,28,Ⅰ,37.87,129.52,강원 동해시 북동쪽 52km 해역
15,1060,2023-05-15 06:27:37,4.5,31,Ⅲ,37.87,129.52,강원 동해시 북동쪽 52km 해역
16,1059,2023-05-14 08:35:25,3.1,30,Ⅰ,37.86,129.51,강원 동해시 북동쪽 51km 해역
17,1058,2023-05-10 16:32:10,2.5,16,Ⅱ,37.49,129.12,강원 동해시 남쪽 4km 지역
18,1057,2023-05-10 13:29:35,2.2,5,Ⅱ,38.13,127.09,경기 연천군 북북동쪽 4km 지역
19,1056,2023-05-10 01:53:36,2.5,15,Ⅱ,37.49,129.14,강원 동해시 남남동쪽 4km 지역
20,1055,2023-05-08 21:12:05,2.1,23,Ⅰ,37.87,129.51,강원 동해시 북동쪽 52km 해역
21,1054,2023-05-08 19:51:34,2.5,17,Ⅲ,37.49,129.13,강원 동해시 남남동쪽 4km 해역
23,1052,2023-04-30 19:03:29,3.1,6,Ⅳ,36.32,127.75,충북 옥천군 동쪽 16km 지역
24,1051,2023-04-28 23:39:24,2.6,27,Ⅰ,37.88,129.51,강원 동해시 북동쪽 53km 해역
25,1050,2023-04-26 12:15:24,2.0,27,Ⅰ,37.87,129.52,강원 동해시 북동쪽 52km 해역
26,1049,2023-04-26 06:51:41,2.2,28,Ⅰ,37.86,129.51,강원 동해시 북동쪽 51km 해역
27,1048,2023-04-25 15:55:55,3.5,33,Ⅰ,37.86,129.49,강원 동해시 북동쪽 50km 해역
28,1047,2023-04-25 13:22:40,2.7,12,Ⅲ,36.66,128.12,경북 문경시 북서쪽 10km 지역
29,1046,2023-04-25 12:02:50,3.1,28,Ⅱ,37.87,129.52,강원 동해시 북동쪽 52km 해역
30,1045,2023-04-25 05:03:39,2.3,25,Ⅰ,37.88,129.54,강원 동해시 북동쪽 54km 해역
31,1044,2023-04-24 21:50:59,2.4,27,Ⅰ,37.87,129.52,강원 동해시 북동쪽 52km 해역
32,1043,2023-04-24 21:41:25,2.1,27,Ⅰ,37.87,129.53,강원 동해시 북동쪽 53km 해역
33,1042,2023-04-24 13:02:10,2.9,31,Ⅰ,37.85,129.47,강원 동해시 북동쪽 48km 해역
34,1041,2023-04-23 21:06:40,2.7,27,Ⅰ,37.87,129.52,강원 동해시 북동쪽 52km 해역
35,1040,2023-04-19 00:45:07,2.6,14,Ⅰ,33.09,125.42,제주 서귀포시 서쪽 108km 해역
36,1039,2023-04-13 05:27:51,2.1,-,Ⅰ,35.11,125.05,전남 신안군 흑산도 북서쪽 59km 해역
37,1038,2023-04-12 22:45:46,2.1,7,Ⅱ,38.13,127.09,경기 연천군 북북동쪽 4km 지역
40,1035,2023-03-30 05:47:56,2.9,22,Ⅰ,35.64,125.22,전북 군산시 어청도 남서쪽 86km 해역
41,1034,2023-03-25 18:35:48,2.4,-,Ⅰ,37.19,125.27,인천 옹진군 연평도 남서쪽 65km 해역
42,1033,2023-03-23 08:35:53,2.0,16,Ⅰ,33.56,125.66,제주 제주시 서쪽 81km 해역
43,1032,2023-03-22 02:09:17,2.0,24,Ⅰ,35.03,124.43,전남 신안군 흑산도 서북서쪽 99km 해역
46,1029,2023-03-07 15:13:32,2.1,16,Ⅰ,36.79,125.63,충남 태안군 서격렬비도 북북동쪽 21km 해역
47,1028,2023-03-03 11:26:54,3.0,8,Ⅳ,35.21,127.94,경남 진주시 서북서쪽 16km 지역
48,1027,2023-02-19 07:29:52,2.5,8,Ⅳ,34.67,127.36,전남 고흥군 북동쪽 11km 지역
49,1026,2023-02-11 08:22:01,2.3,13,Ⅲ,36.52,127.85,충북 보은군 동북동쪽 11km 지역
52,1023,2023-01-21 13:37:39,2.5,15,Ⅰ,36.46,129.63,경북 영덕군 동북동쪽 24km 해역
53,1022,2023-01-14 05:56:44,2.1,11,Ⅰ,35.08,125.07,전남 신안군 흑산도 북서쪽 56km 해역
54,1021,2023-01-13 12:23:51,2.1,-,Ⅰ,35.11,125.06,전남 신안군 흑산도 북서쪽 59km 해역
55,1020,2023-01-09 01:28:15,3.7,19,Ⅳ,37.74,126.20,인천 강화군 서쪽 25km 해역
56,1019,2023-01-07 05:16:03,2.2,14,Ⅰ,34.56,124.95,전남 신안군 흑산도 서남서쪽 45km 해역
57,1018,2023-01-07 05:12:17,2.4,14,Ⅰ,34.52,124.90,전남 신안군 흑산도 서남서쪽 50km 해역
58,1017,2023-01-05 00:28:05,2.4,24,Ⅰ,33.38,127.23,제주 서귀포시 동북동쪽 64km 해역
59,1016,2022-12-25 19:31:07,2.6,14,Ⅲ,36.51,128.65,경북 안동시 남서쪽 10km 지역
60,1015,2022-12-23 19:43:17,2.3,-,Ⅰ,35.14,125.08,전남 신안군 흑산도 북북서쪽 61km 해역
62,1013,2022-12-03 13:22:58,2.9,21,Ⅰ,35.77,129.80,울산 북구 동북동쪽 45km 해역
63,1012,2022-12-01 15:17:58,3.2,14,Ⅲ,36.17,128.27,경북 김천시 동북동쪽 14km 지역
66,1009,2022-11-20 01:01:17,3.3,20,Ⅱ,33.96,125.22,전남 신안군 흑산도 남남서쪽 81km 해역
67,1008,2022-11-18 03:12:14,2.2,6,Ⅰ,35.52,124.35,전남 신안군 흑산도 북서쪽 136km 해역
68,1007,2022-11-13 12:17:41,2.1,17,Ⅰ,35.07,125.07,전남 신안군 흑산도 북서쪽 55km 해역
69,1006,2022-11-08 00:45:45,2.1,8,Ⅰ,33.30,127.78,전남 여수시 거문도 남남동쪽 92km 해역
70,1005,2022-11-05 13:21:22,2.5,11,Ⅲ,36.97,126.38,충남 서산시 북북서쪽 22km 해역
71,1004,2022-11-03 11:36:00,2.1,10,Ⅰ,35.47,124.90,전남 신안군 흑산도 북북서쪽 101km 해역
72,1003,2022-11-01 02:27:52,2.9,14,Ⅴ,36.88,127.88,충북 괴산군 북동쪽 11km 지역
73,1002,2022-10-29 08:29:18,2.9,11,Ⅳ,36.88,127.88,충북 괴산군 북동쪽 11km 지역
74,1001,2022-10-29 08:29:09,2.2,13,Ⅳ,36.88,127.87,충북 괴산군 북동쪽 10km 지역
75,1000,2022-10-29 08:27:49,4.1,12,Ⅴ,36.88,127.88,충북 괴산군 북동쪽 11km 지역
76,999,2022-10-29 08:27:33,3.5,13,Ⅴ,36.88,127.88,충북 괴산군 북동쪽 11km 지역
79,996,2022-10-01 04:37:53,2.7,14,Ⅲ,36.94,127.13,충남 천안시 서북구 북북서쪽 7km 지역
80,995,2022-09-23 07:40:30,2.3,-,Ⅰ,35.69,124.59,충남 태안군 서격렬비도 남서쪽 134km 해역
82,993,2022-09-11 16:28:35,2.4,13,Ⅰ,36.46,129.63,경북 영덕군 동북동쪽 24km 해역
84,991,2022-09-03 00:44:46,2.0,18,Ⅰ,36.39,129.89,경북 영덕군 동쪽 47km 해역
85,990,2022-09-01 08:33:53,2.5,-,Ⅰ,35.11,125.07,전남 신안군 흑산도 북북서쪽 58km 해역
86,989,2022-08-28 01:54:23,2.4,12,Ⅰ,37.17,125.42,인천 옹진군 연평도 남남서쪽 60km 해역
87,988,2022-08-24 18:31:24,2.1,20,Ⅰ,36.47,129.62,경북 영덕군 동북동쪽 24km 해역
88,987,2022-08-22 13:29:26,2.4,-,Ⅰ,34.75,124.30,전남 신안군 흑산도 서쪽 103km 해역
90,985,2022-08-12 19:37:47,2.7,6,Ⅰ,37.41,124.53,인천 옹진군 백령도 남남서쪽 62km 해역
91,984,2022-08-03 07:55:25,3.1,8,Ⅰ,33.14,127.67,전남 여수시 거문도 남남동쪽 104km 해역
93,982,2022-07-29 05:36:56,2.6,13,Ⅳ,35.39,128.24,경남 의령군 북북서쪽 8km 지역
96,979,2022-07-21 18:38:09,2.3,10,Ⅲ,36.80,126.25,충남 태안군 북서쪽 7km 지역
97,978,2022-07-21 04:46:57,2.3,13,Ⅲ,35.79,129.20,경북 경주시 남남서쪽 8km 지역
98,977,2022-07-20 16:19:50,2.0,17,Ⅱ,36.29,126.87,충남 부여군 서북서쪽 4km 지역
99,976,2022-07-16 13:53:36,2.1,14,Ⅰ,33.64,128.11,전남 여수시 거문도 동남동쪽 85km 해역
100,975,2022-07-12 10:38:30,2.6,6,Ⅰ,33.13,127.66,제주 서귀포시 동쪽 103km 해역
101,974,2022-07-12 10:09:03,2.7,7,Ⅰ,33.11,127.66,제주 서귀포시 동쪽 104km 해역
102,973,2022-07-12 09:56:02,2.3,6,Ⅰ,33.12,127.64,제주 서귀포시 동쪽 102km 해역
103,972,2022-07-12 00:44:03,2.2,10,Ⅰ,33.14,127.66,제주 서귀포시 동쪽 103km 해역
104,971,2022-07-12 00:41:25,2.1,10,Ⅰ,33.14,127.65,제주 서귀포시 동쪽 102km 해역
105,970,2022-07-03 07:54:23,2.6,13,Ⅰ,33.31,127.45,전남 여수시 거문도 남쪽 81km 해역
106,969,2022-06-30 22:51:52,2.3,6,Ⅳ,37.02,128.98,경북 봉화군 동북동쪽 26km 지역
107,968,2022-06-30 02:55:34,2.1,18,Ⅰ,35.90,129.73,경북 포항시 남구 동남동쪽 35km 해역
108,967,2022-06-29 15:26:06,2.3,21,Ⅰ,35.89,129.70,경북 포항시 남구 동남동쪽 33km 해역
109,966,2022-06-02 20:48:21,2.6,26,Ⅰ,38.12,130.98,경북 울릉군 울릉도 북쪽 71km 해역
110,965,2022-05-13 06:50:56,2.3,21,Ⅰ,33.34,127.22,제주 서귀포시 동쪽 62km 해역
113,962,2022-04-18 14:22:38,2.3,11,Ⅲ,37.26,126.10,인천 옹진군 서남서쪽 52km 지역
114,961,2022-04-17 23:33:29,2.3,9,Ⅲ,35.22,128.60,경남 창원시 마산회원구 동쪽 2km 지역
115,960,2022-04-16 02:08:34,2.6,18,Ⅲ,34.75,127.26,전남 고흥군 북쪽 16km 지역
116,959,2022-04-12 14:56:28,2.4,14,Ⅲ,36.82,129.47,경북 울진군 남남동쪽 20km 해역
117,958,2022-04-10 02:45:46,3.4,18,Ⅲ,36.45,129.62,경북 영덕군 동쪽 23km 해역
118,957,2022-04-09 10:55:42,2.2,19,Ⅱ,36.54,128.08,경북 상주시 북북서쪽 16km 지역
119,956,2022-04-03 14:19:19,2.0,11,Ⅲ,35.69,129.35,경북 경주시 남남동쪽 22km 지역
120,955,2022-03-16 18:18:18,2.3,-,Ⅰ,33.70,125.06,전남 신안군 흑산도 남남서쪽 113km 해역
122,953,2022-03-06 18:40:32,2.5,18,Ⅰ,37.31,129.54,강원 삼척시 동남동쪽 37km 해역
123,952,2022-03-05 22:16:21,2.4,12,Ⅲ,36.39,127.13,충남 공주시 남쪽 6km 지역
126,949,2022-02-24 12:07:10,2.2,21,Ⅰ,34.00,127.59,전남 여수시 거문도 동쪽 25km 해역
131,944,2022-02-10 17:20:34,2.2,19,Ⅲ,35.29,126.59,전남 영광군 동북동쪽 7km 지역
132,943,2022-02-08 15:57:13,2.9,16,Ⅰ,35.07,125.06,전남 신안군 흑산도 북서쪽 55km 해역
133,942,2022-02-04 02:47:44,2.3,16,Ⅰ,37.41,129.51,강원 삼척시 동쪽 31km 해역
134,941,2022-02-02 12:04:55,2.4,19,Ⅲ,35.72,128.99,경북 청도군 동북동쪽 24km 지역
135,940,2022-01-28 06:46:53,2.3,9,Ⅱ,34.37,127.30,전남 고흥군 남쪽 26km 해역
138,937,2021-12-17 06:22:10,3.2,18,Ⅲ,33.12,126.18,제주 서귀포시 서남서쪽 38km 해역
139,936,2021-12-15 22:02:14,2.3,10,Ⅳ,35.79,127.80,경남 거창군 북서쪽 15km 지역
140,935,2021-12-15 15:06:47,2.8,14,Ⅱ,33.14,126.15,제주 서귀포시 서남서쪽 40km 해역
141,934,2021-12-14 17:19:14,4.9,17,Ⅴ,33.09,126.16,제주 서귀포시 서남서쪽 41km 해역
142,933,2021-12-09 10:57:47,2.6,17,Ⅰ,33.85,125.51,전남 신안군 흑산도 남쪽 91km 해역
143,932,2021-12-04 12:33:22,2.3,20,Ⅰ,38.02,124.52,인천 옹진군 백령도 서북서쪽 16km 해역
144,931,2021-11-22 05:19:31,2.1,7,Ⅱ,35.48,127.11,전북 순창군 북북서쪽 12km 지역
145,930,2021-11-19 02:35:08,2.2,11,Ⅰ,33.85,124.77,전남 신안군 흑산도 남남서쪽 109km 해역
146,929,2021-11-17 01:39:11,2.9,19,Ⅰ,35.66,129.75,울산 동구 동북동쪽 35km 해역
147,928,2021-11-16 20:53:24,2.1,8,Ⅰ,34.50,125.90,전남 진도군 서쪽 33km 해역
148,927,2021-11-16 11:57:58,2.1,18,Ⅰ,35.06,125.06,전남 신안군 흑산도 북서쪽 54km 해역
149,926,2021-11-12 01:31:05,2.1,8,Ⅱ,36.15,129.38,경북 포항시 북구 북쪽 12km 지역
150,925,2021-10-22 06:51:48,2.4,14,Ⅲ,36.90,128.22,충북 제천시 남쪽 26km 지역
151,924,2021-10-19 22:13:31,2.2,22,Ⅰ,35.90,129.75,경북 포항시 남구 동남동쪽 37km 해역
157,918,2021-10-10 02:18:51,2.1,7,Ⅰ,35.10,125.06,전남 신안군 흑산도 북서쪽 58km 해역
158,917,2021-10-06 21:55:48,2.5,13,Ⅲ,35.25,127.86,경남 하동군 북북동쪽 23km 지역
159,916,2021-09-23 12:02:43,2.6,16,Ⅳ,35.42,128.49,경남 창녕군 남쪽 14km 지역
160,915,2021-09-20 06:58:49,2.2,8,Ⅲ,34.88,127.25,전남 보성군 북동쪽 20km 지역
161,914,2021-09-17 05:30:13,2.2,10,Ⅱ,36.71,126.11,충남 태안군 서남서쪽 17km 해역
162,913,2021-09-14 03:36:01,2.2,16,Ⅲ,35.41,128.78,경남 밀양시 남남동쪽 11km 지역
163,912,2021-09-12 02:04:46,2.1,13,Ⅱ,35.53,128.53,경남 창녕군 동남동쪽 4km 지역
166,909,2021-08-29 18:47:20,2.6,15,Ⅰ,36.98,125.02,충남 태안군 서격렬비도 북서쪽 62km 해역
167,908,2021-08-29 13:03:23,2.2,9,Ⅲ,35.31,128.49,경남 함안군 동북동쪽 9km 지역
168,907,2021-08-28 07:03:22,2.2,15,Ⅲ,35.00,127.73,전남 광양시 북북동쪽 7km 지역
169,906,2021-08-26 15:58:14,2.3,17,Ⅰ,35.07,125.12,전남 신안군 흑산도 북북서쪽 52km 해역
170,905,2021-08-21 09:40:40,4.0,7,Ⅱ,35.70,124.70,전북 군산시 어청도 서남서쪽 124km 해역
172,903,2021-08-18 16:57:11,2.1,-,Ⅰ,35.10,129.84,부산 기장군 동남동쪽 58km 해역
173,902,2021-08-15 09:32:43,2.0,18,Ⅰ,35.10,129.78,부산 기장군 동남동쪽 53km 해역
174,901,2021-08-01 14:19:26,2.2,13,Ⅰ,35.65,129.53,울산 북구 동북동쪽 17km 해역
175,900,2021-07-31 05:17:10,2.5,22,Ⅲ,35.65,128.40,대구 달성군 남남서쪽 14km 지역
176,899,2021-07-26 06:50:56,2.2,14,Ⅲ,36.32,128.21,경북 상주시 남남동쪽 11km 지역
177,898,2021-07-07 06:57:27,2.3,20,Ⅱ,36.77,128.46,경북 예천군 북쪽 14km 지역
178,897,2021-06-14 22:42:17,2.4,20,Ⅰ,35.81,129.77,경북 포항시 남구 동남동쪽 43km 해역
180,895,2021-06-13 06:13:51,2.0,26,Ⅰ,36.97,130.34,경북 울릉군 울릉도 남서쪽 76km 해역
181,894,2021-06-07 18:34:02,2.1,13,Ⅰ,33.68,128.07,전남 여수시 거문도 동남동쪽 80km 해역
183,892,2021-05-26 06:13:24,2.2,-,Ⅰ,35.83,124.56,충남 태안군 서격렬비도 남서쪽 124km 해역
184,891,2021-05-13 06:04:28,2.0,10,Ⅲ,35.89,127.33,전북 완주군 동쪽 15km 지역
185,890,2021-05-04 22:42:08,2.0,19,Ⅰ,35.89,129.67,경북 포항시 남구 동남동쪽 31km 해역
186,889,2021-04-30 16:15:04,2.1,7,Ⅲ,35.52,128.88,경남 밀양시 동쪽 12km 지역
187,888,2021-04-29 05:12:25,2.0,18,Ⅰ,35.65,129.83,울산 동구 동북동쪽 41km 해역
188,887,2021-04-28 12:00:40,2.5,20,Ⅰ,35.65,129.79,울산 동구 동북동쪽 37km 해역
189,886,2021-04-25 17:07:59,2.3,5,Ⅰ,37.48,124.36,인천 옹진군 백령도 남남서쪽 60km 해역
191,884,2021-04-20 02:13:27,2.6,15,Ⅰ,35.08,125.05,전남 신안군 흑산도 북서쪽 57km 해역
193,882,2021-04-19 14:20:27,3.7,15,Ⅱ,35.07,125.08,전남 신안군 흑산도 북서쪽 54km 해역
194,881,2021-04-16 01:43:23,2.2,11,Ⅲ,37.29,127.71,경기 여주시 동쪽 7km 지역
195,880,2021-04-13 21:56:15,2.0,13,Ⅲ,36.02,126.91,전북 익산시 북북서쪽 9km 지역
196,879,2021-03-16 02:51:52,2.6,18,Ⅲ,35.76,129.19,경북 경주시 남남서쪽 11km 지역
197,878,2021-02-21 09:03:34,2.2,18,Ⅱ,35.47,126.34,전남 영광군 북서쪽 27km 해역
198,877,2021-02-15 18:59:25,2.5,14,Ⅳ,35.99,126.84,전북 군산시 동북동쪽 10km 지역
199,876,2021-02-10 19:28:18,2.1,9,Ⅱ,37.32,126.24,인천 옹진군 서남서쪽 38km 해역
202,873,2021-02-06 04:40:03,2.7,5,Ⅳ,35.81,127.53,전북 장수군 북쪽 18km 지역
203,872,2021-02-03 12:17:56,2.2,8,Ⅲ,37.32,126.24,인천 옹진군 서남서쪽 38km 해역
204,871,2021-01-24 06:23:05,2.1,11,Ⅰ,35.84,125.14,전북 군산시 어청도 서남서쪽 81km 해역
205,870,2021-01-14 08:17:28,2.1,-,Ⅰ,36.86,125.43,충남 태안군 서격렬비도 북북서쪽 30km 해역
206,869,2020-12-23 21:28:20,2.2,12,Ⅲ,37.73,126.73,경기 파주시 남서쪽 6km 지역
207,868,2020-12-18 17:17:23,2.7,16,Ⅱ,37.66,129.32,강원 동해시 북동쪽 24km 해역
211,864,2020-11-15 00:00:29,2.1,17,Ⅲ,35.76,129.18,경북 경주시 남남서쪽 11km 지역
212,863,2020-11-08 15:26:09,2.9,9,Ⅳ,36.41,128.22,경북 상주시 동쪽 5km 지역
213,862,2020-11-06 18:27:23,2.0,8,Ⅱ,36.43,128.14,경북 상주시 북서쪽 3km 지역
214,861,2020-11-04 16:50:30,2.4,22,Ⅰ,35.84,129.79,경북 포항시 남구 동남동쪽 43km 해역
215,860,2020-11-04 07:23:48,2.2,23,Ⅰ,35.83,129.78,경북 포항시 남구 동남동쪽 43km 해역
217,858,2020-10-25 19:10:49,2.5,17,Ⅰ,33.89,125.65,전남 진도군 남서쪽 87km 해역
218,857,2020-10-24 15:09:01,2.1,21,Ⅰ,33.93,127.45,전남 여수시 거문도 남동쪽 16km 해역
219,856,2020-10-09 04:38:14,2.1,15,Ⅲ,35.75,129.17,경북 경주시 남남서쪽 13km 지역
220,855,2020-10-07 04:05:32,2.1,22,Ⅰ,33.92,127.44,전남 여수시 거문도 남동쪽 16km 해역
224,851,2020-09-22 20:08:54,2.1,15,Ⅱ,36.60,129.37,경북 영덕군 북쪽 21km 지역
225,850,2020-09-20 01:22:14,2.2,17,Ⅲ,36.51,127.14,충남 공주시 북북동쪽 7km 지역
226,849,2020-09-13 00:54:03,2.9,15,Ⅰ,37.64,124.60,인천 옹진군 백령도 남남서쪽 35km 해역
227,848,2020-09-12 13:31:05,2.4,15,Ⅱ,36.03,128.40,경북 칠곡군 북쪽 4km 지역
228,847,2020-09-02 19:43:06,2.3,-,Ⅱ,34.38,126.20,전남 진도군 남남서쪽 13km 지역
232,843,2020-08-01 13:15:06,2.0,19,Ⅱ,36.77,128.48,경북 예천군 북쪽 13km 지역
234,841,2020-07-25 00:34:06,2.2,7,Ⅰ,34.06,125.54,전남 신안군 흑산도 남쪽 66km 해역
235,840,2020-07-20 19:02:00,2.0,11,Ⅰ,34.53,128.14,경남 남해군 남남동쪽 41km 해역
236,839,2020-07-15 15:20:47,2.4,-,Ⅰ,34.88,124.68,전남 신안군 흑산도 서북서쪽 77km 해역
237,838,2020-07-11 22:38:55,2.7,-,Ⅰ,37.88,129.58,강원 동해시 북동쪽 57km 해역
238,837,2020-07-07 14:08:23,3.3,12,Ⅲ,37.19,125.55,인천 옹진군 연평도 남남서쪽 54km 해역
239,836,2020-07-03 13:59:31,2.3,6,Ⅲ,37.18,128.71,강원 영월군 동쪽 22km 지역
241,834,2020-06-23 19:58:05,2.1,6,Ⅲ,37.86,126.90,경기 파주시 북동쪽 15km 지역
242,833,2020-06-21 09:49:52,2.3,9,Ⅱ,38.47,128.52,강원 고성군 북북동쪽 11km 해역
243,832,2020-06-08 00:52:10,2.1,5,Ⅲ,36.01,128.01,경북 김천시 남남서쪽 17km 지역
245,830,2020-05-27 19:23:28,2.8,6,Ⅲ,36.01,128.01,경북 김천시 남남서쪽 17km 지역
247,828,2020-05-13 15:19:02,2.8,12,Ⅲ,36.10,127.34,전북 완주군 북동쪽 27km 지역
250,825,2020-05-09 01:57:39,2.2,21,Ⅱ,34.66,126.40,전남 해남군 서북서쪽 21km 지역
251,824,2020-05-07 02:07:31,2.1,17,Ⅰ,34.77,124.68,전남 신안군 흑산도 서쪽 73km 해역
253,822,2020-05-03 22:07:14,3.1,21,Ⅲ,34.66,126.40,전남 해남군 서북서쪽 21km 지역
254,821,2020-05-02 02:57:02,2.3,21,Ⅱ,34.66,126.40,전남 해남군 서북서쪽 21km 지역
255,820,2020-04-30 07:13:13,2.4,21,Ⅲ,34.66,126.40,전남 해남군 서북서쪽 21km 지역
257,818,2020-04-28 12:52:01,2.1,22,Ⅱ,34.66,126.41,전남 해남군 서북서쪽 20km 지역
258,817,2020-04-28 12:06:53,2.4,10,Ⅱ,36.16,127.43,충남 금산군 북서쪽 8km 지역
259,816,2020-04-27 11:07:10,2.8,6,Ⅳ,35.80,127.53,전북 장수군 북쪽 17km 지역
260,815,2020-04-24 02:07:22,2.3,15,Ⅰ,35.30,125.54,전남 신안군 흑산도 북쪽 73km 해역
261,814,2020-04-22 20:54:26,2.1,9,Ⅰ,38.11,130.01,강원 동해시 북동쪽 102km 해역
262,813,2020-04-18 07:36:28,2.3,14,Ⅱ,37.58,126.14,인천 강화군 서남서쪽 36km 해역
264,811,2020-03-20 16:02:45,2.7,9,Ⅲ,35.39,128.01,경남 산청군 동남동쪽 13km 지역
265,810,2020-03-10 01:16:33,2.0,12,Ⅰ,35.44,125.54,전북 군산시 어청도 남남서쪽 85km 해역
268,807,2020-02-16 20:03:35,2.7,19,Ⅰ,36.26,130.49,경북 영덕군 동쪽 102km 해역
269,806,2020-02-09 14:41:26,2.4,9,Ⅲ,35.77,129.03,경북 경주시 서남서쪽 18km 지역
270,805,2020-01-30 00:52:52,3.2,21,Ⅲ,36.59,128.12,경북 상주시 북쪽 20km 지역
272,803,2020-01-15 22:46:11,2.1,8,Ⅱ,37.11,128.29,충북 제천시 동남동쪽 9km 지역
273,802,2020-01-08 06:03:00,2.0,17,Ⅰ,35.91,128.38,경북 성주군 동쪽 9km 지역
274,801,2019-12-30 01:44:02,2.1,19,Ⅱ,35.56,128.90,경남 밀양시 동북동쪽 15km 지역
275,800,2019-12-30 00:32:08,3.5,20,Ⅳ,35.56,128.90,경남 밀양시 동북동쪽 15km 지역
276,799,2019-12-29 08:43:26,2.3,17,Ⅰ,33.33,127.16,제주 서귀포시 동쪽 56km 해역
277,798,2019-12-24 06:19:16,2.4,18,Ⅰ,33.29,127.16,제주 서귀포시 동쪽 56km 해역
279,796,2019-12-15 14:15:40,2.0,11,Ⅲ,37.16,126.22,충남 서산시 북북서쪽 46km 해역
280,795,2019-12-12 20:29:55,2.1,21,Ⅰ,33.55,126.92,제주 제주시 동쪽 36km 해역
281,794,2019-12-08 12:09:24,2.0,-,Ⅰ,35.12,124.96,전남 신안군 흑산도 북서쪽 70km 해역
282,793,2019-12-04 17:19:20,2.6,9,Ⅰ,33.94,124.70,전남 신안군 흑산도 남서쪽 106km 해역
283,792,2019-11-29 12:04:43,2.0,21,Ⅰ,36.86,129.79,경북 울진군 동남동쪽 38km 해역
284,791,2019-11-21 19:55:50,2.4,12,Ⅰ,33.83,128.09,전남 여수시 거문도 동남동쪽 75km 해역
285,790,2019-11-21 06:08:07,2.3,6,Ⅰ,35.13,124.93,전남 신안군 흑산도 북서쪽 73km 해역
286,789,2019-11-09 23:14:14,2.4,9,Ⅰ,37.62,124.65,인천 옹진군 백령도 남쪽 37km 해역
287,788,2019-10-31 16:29:34,2.1,-,Ⅲ,37.24,126.11,인천 옹진군 서남서쪽 52km 지역
288,787,2019-10-30 02:01:41,2.3,5,Ⅰ,36.68,128.61,경북 안동시 북서쪽 16km 지역
289,786,2019-10-27 15:37:26,3.4,11,Ⅳ,35.41,128.49,경남 창녕군 남쪽 15km 지역
290,785,2019-10-20 00:05:10,2.2,10,Ⅰ,33.41,125.13,제주 제주시 서쪽 130km 해역
292,783,2019-10-13 19:52:44,2.0,20,Ⅰ,36.53,129.65,경북 영덕군 동북동쪽 28km 해역
293,782,2019-10-12 20:46:03,2.5,17,Ⅰ,35.18,129.77,울산 동구 남동쪽 48km 해역
294,781,2019-10-04 03:57:23,2.6,9,Ⅲ,35.47,128.86,경남 밀양시 동남동쪽 11km 지역
296,779,2019-09-26 02:57:31,2.3,8,Ⅰ,36.09,129.33,경북 포항시 북구 북북서쪽 6km 지역
297,778,2019-09-22 11:07:27,3.3,17,Ⅱ,34.16,125.16,전남 신안군 흑산도 남남서쪽 62km 해역
299,776,2019-09-19 18:19:05,2.6,6,Ⅰ,33.65,124.99,전남 신안군 흑산도 남남서쪽 120km 해역
300,775,2019-09-11 04:52:07,2.0,9,Ⅰ,38.13,127.09,경기 연천군 북북동쪽 4km 지역
301,774,2019-09-07 23:38:06,2.0,14,Ⅰ,35.48,129.54,울산 동구 동남동쪽 12km 해역
303,772,2019-08-28 14:22:29,2.5,26,Ⅰ,36.24,130.01,경북 영덕군 동남동쪽 61km 해역
304,771,2019-08-23 19:50:48,2.7,7,Ⅲ,37.96,124.69,인천 옹진군 백령도 북동쪽 1km 지역
305,770,2019-08-20 10:34:52,2.8,22,Ⅰ,33.57,124.81,전남 신안군 흑산도 남남서쪽 135km 해역
306,769,2019-08-11 18:19:50,2.1,10,Ⅰ,37.97,124.63,인천 옹진군 백령도 서북서쪽 5km 지역
307,768,2019-08-10 22:45:57,2.3,18,Ⅰ,33.78,126.92,전남 여수시 거문도 남서쪽 45km 해역
309,766,2019-07-30 05:45:15,2.1,6,Ⅱ,35.00,128.30,경남 고성군 북서쪽 4km 지역
310,765,2019-07-25 01:46:09,2.8,13,Ⅰ,37.35,129.84,경북 울진군 북동쪽 56km 해역
311,764,2019-07-22 01:15:45,2.0,13,Ⅰ,35.82,125.56,전북 군산시 어청도 남서쪽 50km 해역
312,763,2019-07-21 11:04:18,3.9,14,Ⅳ,36.50,128.10,경북 상주시 북북서쪽 11km 지역
313,762,2019-07-20 00:38:40,2.0,15,Ⅰ,36.33,128.08,경북 상주시 남서쪽 11km 지역
315,760,2019-07-08 14:04:44,2.2,20,Ⅰ,37.89,129.55,강원 동해시 북동쪽 56km 해역
316,759,2019-07-02 20:51:51,2.7,21,Ⅰ,35.88,129.69,경북 포항시 남구 동남동쪽 33km 해역
320,755,2019-06-23 18:41:15,2.4,16,Ⅲ,36.69,128.41,경북 예천군 북서쪽 5km 지역
326,749,2019-06-15 22:07:11,2.2,21,Ⅲ,35.71,126.36,전북 부안군 서쪽 34km 해역
327,748,2019-06-11 23:18:53,2.5,19,Ⅲ,35.76,129.19,경북 경주시 남남서쪽 9km 지역
330,745,2019-05-13 23:50:38,2.4,17,Ⅰ,33.35,127.17,제주 서귀포시 동쪽 58km 해역
331,744,2019-05-10 16:05:58,2.0,12,Ⅰ,36.56,129.64,경북 영덕군 동북동쪽 29km 해역
332,743,2019-05-05 16:57:04,2.1,18,Ⅰ,36.55,129.54,경북 영덕군 북동쪽 22km 해역
333,742,2019-05-04 05:43:15,2.4,6,Ⅰ,37.42,124.56,인천 옹진군 백령도 남쪽 60km 해역
334,741,2019-04-27 01:10:06,2.5,17,Ⅰ,33.79,126.09,제주 제주시 북서쪽 52km 해역
335,740,2019-04-22 05:45:19,3.8,21,Ⅲ,36.86,129.80,경북 울진군 동남동쪽 38km 해역
336,739,2019-04-19 11:16:43,4.3,32,Ⅳ,37.88,129.54,강원 동해시 북동쪽 54km 해역
337,738,2019-03-28 16:21:56,2.2,16,Ⅰ,33.62,126.94,제주 제주시 동북동쪽 40km 해역
338,737,2019-03-21 07:13:35,2.7,6,Ⅰ,37.56,125.20,인천 옹진군 연평도 서남서쪽 45km 해역
341,734,2019-03-17 19:28:00,2.3,13,Ⅱ,36.34,127.87,충북 옥천군 동쪽 27km 지역
342,733,2019-03-13 12:20:20,2.4,13,Ⅰ,33.63,126.93,제주 제주시 동북동쪽 40km 해역
343,732,2019-03-11 04:27:00,2.4,15,Ⅰ,33.47,126.40,제주 제주시 서남서쪽 13km 지역
344,731,2019-03-09 15:06:45,2.0,12,Ⅱ,36.82,128.73,경북 봉화군 남쪽 8km 지역
346,729,2019-02-27 21:22:35,2.2,12,Ⅰ,37.31,124.74,인천 옹진군 백령도 남쪽 72km 해역
347,728,2019-02-25 09:30:34,2.9,10,Ⅲ,36.77,129.03,경북 영양군 북북서쪽 14km 지역
348,727,2019-02-20 22:14:47,2.9,14,Ⅰ,36.51,125.50,충남 태안군 서격렬비도 남남서쪽 12km 해역
349,726,2019-02-18 05:33:10,2.4,19,Ⅱ,36.72,128.41,경북 예천군 북북서쪽 8km 지역
350,725,2019-02-17 22:19:01,2.6,12,Ⅲ,33.29,126.25,제주 서귀포시 서쪽 29km 지역
352,723,2019-02-10 14:12:38,2.5,21,Ⅰ,36.16,129.85,경북 포항시 북구 동북동쪽 45km 해역
353,722,2019-02-10 12:53:38,4.1,21,Ⅲ,36.16,129.90,경북 포항시 북구 동북동쪽 50km 해역
354,721,2019-01-31 19:57:45,2.2,19,Ⅰ,36.53,129.66,경북 영덕군 동북동쪽 29km 해역
355,720,2019-01-17 21:34:02,2.7,17,Ⅰ,33.94,127.62,전남 여수시 거문도 동남동쪽 30km 해역
356,719,2019-01-13 21:09:20,2.0,17,Ⅲ,37.02,127.93,충북 충주시 북쪽 3km 지역
357,718,2019-01-10 05:31:05,2.5,17,Ⅳ,35.79,129.20,경북 경주시 남남서쪽 5km 지역
358,717,2019-01-09 03:10:23,3.7,18,Ⅰ,37.37,124.23,인천 옹진군 백령도 남남서쪽 76km 해역
359,716,2019-01-02 13:12:27,2.2,5,Ⅰ,36.77,128.31,경북 문경시 북북동쪽 23km 지역
361,714,2019-01-01 06:49:51,3.1,19,Ⅲ,36.53,129.66,경북 영덕군 동북동쪽 29km 해역
362,713,2018-12-27 03:10:48,2.0,5,Ⅱ,36.99,128.89,경북 봉화군 북동쪽 18km 지역
363,712,2018-12-21 16:06:12,2.7,12,Ⅲ,35.76,127.95,경남 거창군 북북동쪽 9km 지역
364,711,2018-12-20 13:23:24,2.0,21,Ⅰ,35.88,129.69,경북 포항시 남구 동남동쪽 33km 해역
365,710,2018-12-17 02:16:27,2.2,20,Ⅱ,36.53,129.65,경북 영덕군 동북동쪽 28km 해역
366,709,2018-12-12 03:43:04,2.1,12,Ⅰ,35.72,126.78,전북 부안군 동남동쪽 4km 지역
367,708,2018-12-09 14:06:18,2.2,19,Ⅱ,35.86,129.69,경북 포항시 남구 동남동쪽 34km 해역
368,707,2018-12-08 04:16:41,2.4,17,Ⅰ,36.31,128.25,경북 구미시 북북서쪽 23km 지역
369,706,2018-12-05 08:28:20,2.5,17,Ⅰ,36.45,129.62,경북 영덕군 동쪽 23km 해역
370,705,2018-12-05 08:01:08,2.1,17,Ⅰ,36.45,129.62,경북 영덕군 동쪽 23km 해역
371,704,2018-11-29 14:52:39,2.1,17,Ⅰ,37.32,129.69,경북 울진군 북동쪽 44km 해역
372,703,2018-11-29 03:05:23,3.3,13,Ⅰ,34.94,124.53,전남 신안군 흑산도 서북서쪽 92km 해역
373,702,2018-11-25 23:27:27,2.1,12,Ⅰ,33.15,126.09,제주 서귀포시 서남서쪽 45km 해역
376,699,2018-11-22 18:36:18,2.2,19,Ⅰ,35.91,129.71,경북 포항시 남구 동남동쪽 33km 해역
377,698,2018-11-20 14:10:27,2.3,17,Ⅰ,33.52,127.29,전남 여수시 거문도 남쪽 57km 해역
378,697,2018-11-19 03:34:49,2.1,19,,36.42,127.30,대전 유성구 북서쪽 8km 지역
381,694,2018-11-04 17:04:44,2.5,15,Ⅱ,36.08,128.25,경북 김천시 동남동쪽 14km 지역
382,693,2018-10-25 05:53:46,2.3,16,,35.76,129.19,경북 경주시 남남서쪽 9km 지역
384,691,2018-10-22 12:09:26,2.1,11,Ⅰ,35.61,124.94,전북 군산시 어청도 서남서쪽 109km 해역
385,690,2018-10-20 01:22:40,2.6,-,Ⅰ,37.26,129.96,경북 울진군 동북동쪽 58km 해역
386,689,2018-10-17 03:14:44,2.0,14,Ⅱ,36.16,127.30,충남 논산시 동쪽 18km 지역
387,688,2018-10-14 14:46:03,2.4,-,Ⅰ,37.49,124.58,인천 옹진군 백령도 남쪽 52km 해역
390,685,2018-09-25 04:05:47,2.5,16,Ⅰ,33.46,125.80,제주 제주시 서쪽 68km 해역
392,683,2018-09-17 10:52:48,2.4,12,Ⅱ,36.05,129.69,경북 포항시 북구 동쪽 29km 해역
393,682,2018-09-15 21:45:44,2.4,-,Ⅰ,37.07,129.91,경북 울진군 동쪽 46km 해역
394,681,2018-09-14 09:08:13,2.2,14,Ⅱ,36.78,128.36,경북 문경시 북동쪽 26km 지역
395,680,2018-08-29 05:01:29,2.5,11,Ⅰ,37.00,129.32,경북 울진군 서쪽 7km 지역
396,679,2018-08-24 21:28:24,2.1,18,Ⅰ,34.33,127.42,전남 고흥군 남남동쪽 34km 해역
398,677,2018-08-15 03:02:02,2.5,26,Ⅰ,37.27,130.63,경북 울릉군 울릉도 남서쪽 34km 해역
399,676,2018-08-10 21:41:19,2.4,-,Ⅰ,33.21,127.53,제주 서귀포시 동쪽 90km 해역
400,675,2018-08-09 00:23:08,2.1,-,Ⅰ,37.03,125.27,충남 태안군 서격렬비도 북북서쪽 53km 해역
401,674,2018-08-09 00:21:24,2.1,-,Ⅰ,37.03,125.30,충남 태안군 서격렬비도 북북서쪽 51km 해역
402,673,2018-07-22 13:59:11,2.9,13,Ⅰ,33.41,125.91,제주 제주시 서쪽 58km 해역
403,672,2018-07-21 23:30:47,2.2,13,Ⅱ,34.47,127.25,전남 고흥군 남남서쪽 16km 해역
404,671,2018-07-20 12:29:33,2.3,21,Ⅰ,35.84,129.79,경북 포항시 남구 동남동쪽 43km 해역
405,670,2018-07-20 12:14:33,2.4,20,Ⅰ,36.01,126.16,전북 군산시 어청도 남동쪽 21km 해역
406,669,2018-07-19 05:52:11,2.5,23,Ⅰ,35.83,129.80,경북 포항시 남구 동남동쪽 44km 해역
407,668,2018-07-17 20:19:12,2.7,-,Ⅳ,35.91,127.81,전북 무주군 남동쪽 17km 지역
408,667,2018-07-04 04:39:40,2.1,10,,37.30,127.70,경기 여주시 동쪽 6km 지역
409,666,2018-07-01 15:33:22,2.2,18,,37.63,129.48,강원 삼척시 북동쪽 34km 해역
410,665,2018-06-28 21:03:26,2.2,-,,36.99,125.25,충남 태안군 서격렬비도 북북서쪽 50km 해역
411,664,2018-06-28 18:43:00,2.7,9,Ⅲ,38.18,127.34,강원 철원군 북북동쪽 4km 지역
412,663,2018-06-20 23:06:49,2.1,14,,34.90,124.81,전남 신안군 흑산면 서북서쪽 66km 해역
413,662,2018-06-16 21:05:25,2.3,-,,37.19,129.08,강원 삼척시 남남서쪽 30km 지역
414,661,2018-06-15 11:10:02,2.1,14,,36.39,128.49,경북 의성군 서북서쪽 19km 지역
415,660,2018-06-09 17:38:46,2.3,18,Ⅰ,35.87,129.73,경북 포항시 남구 동남동쪽 37km 해역
417,658,2018-05-31 00:13:22,2.6,17,,36.22,129.38,경북 포항시 북구 북쪽 20km 지역
418,657,2018-05-22 00:12:41,2.2,18,,36.37,129.49,경북 영덕군 동남동쪽 12km 해역
419,656,2018-05-20 13:58:31,2.0,10,,34.16,125.61,전남 신안군 흑산면 남남동쪽 56km 해역
420,655,2018-05-14 02:07:38,2.5,16,,33.62,125.58,제주 제주시 고산 서북서쪽 65km 해역
421,654,2018-05-07 01:52:08,2.0,16,,36.72,128.37,경북 예천군 북서쪽 10km 지역
422,653,2018-05-04 19:20:49,2.0,12,,36.10,127.70,충북 영동군 남서쪽 11km 지역
423,652,2018-05-02 12:34:36,2.5,11,,36.56,127.63,충북 보은군 북서쪽 11km 지역
424,651,2018-05-01 19:09:05,2.0,15,,35.77,129.20,경북 경주시 남쪽 8km 지역
425,650,2018-04-24 05:20:32,2.5,10,,37.06,125.92,인천 옹진군 덕적도 남서쪽 27km 해역
426,649,2018-04-23 13:10:21,2.4,17,,33.21,126.40,제주 서귀포시 서남서쪽 16km 해역
428,647,2018-04-09 12:15:40,2.4,16,,35.76,129.19,경북 경주시 남남서쪽 8km 지역
429,646,2018-04-06 21:09:11,2.6,24,,36.08,129.82,경북 포항시 북구 동쪽 41km 해역
430,645,2018-03-31 00:20:12,2.0,8,,36.10,129.36,경북 포항시 북구 북쪽 7km 지역
431,644,2018-03-26 09:40:39,2.7,-,,37.78,124.84,인천 백령도 남동쪽 24km 해역
432,643,2018-03-16 18:02:47,2.7,12,,36.10,129.35,경북 포항시 북구 북북서쪽 7km 지역
433,642,2018-03-16 00:23:23,2.0,6,,36.98,128.42,충북 단양군 동남동쪽 5km 지역
434,641,2018-03-10 01:31:39,2.8,6,,36.14,129.37,경북 포항시 북구 북쪽 11km 지역
435,640,2018-03-09 18:05:37,2.2,7,,36.95,126.45,충남 서산시 북쪽 18km 지역
436,639,2018-03-08 23:38:41,2.0,17,,35.31,127.32,전남 곡성군 북동쪽 4km 지역
437,638,2018-03-08 23:16:47,2.0,15,,35.30,127.33,전남 곡성군 동북동쪽 4km 지역
438,637,2018-03-04 00:52:47,2.6,9,,38.13,130.33,경북 울릉군 북서쪽 88km 해역
439,636,2018-02-27 13:14:45,2.4,13,,37.09,124.87,충남 태안군 서격렬비도 북서쪽 80km 해역
440,635,2018-02-26 11:06:57,2.5,6,,34.52,125.32,전남 신안군 흑산면 남서쪽 20km 해역
441,634,2018-02-26 02:23:03,2.4,16,,33.97,126.87,전남 완도군 남남동쪽 39km 해역
442,633,2018-02-18 03:34:27,2.4,9,,36.07,129.33,경북 포항시 북구 북서쪽 4km 지역
443,632,2018-02-17 23:38:56,2.2,10,,36.10,129.35,경북 포항시 북구 북북서쪽 6km 지역
444,631,2018-02-17 21:31:18,2.6,8,,36.09,129.33,경북 포항시 북구 북북서쪽 6km 지역
445,630,2018-02-17 18:35:48,2.0,12,,36.11,129.37,경북 포항시 북구 북쪽 8km 지역
447,628,2018-02-13 10:32:10,2.5,10,,36.12,129.37,경북 포항시 북구 북쪽 9km 지역
448,627,2018-02-13 06:30:12,2.6,9,,36.07,129.33,경북 포항시 북구 북서쪽 5km 지역
449,626,2018-02-11 12:49:37,2.4,16,,36.08,129.33,경북 포항시 북구 북서쪽 5km 지역
450,625,2018-02-11 12:14:28,2.1,9,,36.08,129.32,경북 포항시 북구 북서쪽 6km 지역
451,624,2018-02-11 08:11:38,2.1,13,,36.08,129.34,경북 포항시 북구 북북서쪽 5km 지역
452,623,2018-02-11 05:38:06,2.1,10,,36.09,129.32,경북 포항시 북구 북서쪽 7km 지역
453,622,2018-02-11 05:18:56,2.1,8,,36.07,129.32,경북 포항시 북구 북서쪽 5km 지역
454,621,2018-02-11 05:14:05,2.2,10,,36.08,129.33,경북 포항시 북구 북서쪽 5km 지역
455,620,2018-02-11 05:12:06,2.2,11,,36.07,129.34,경북 포항시 북구 북서쪽 4km 지역
456,619,2018-02-11 05:07:23,2.5,12,,36.08,129.33,경북 포항시 북구 북서쪽 5km 지역
457,618,2018-02-11 05:03:03,4.6,14,,36.08,129.33,경북 포항시 북구 북서쪽 5km 지역
458,617,2018-02-10 01:32:38,2.4,10,,36.60,125.76,충남 태안군 서격렬비도 동쪽 20km 해역
459,616,2018-02-09 00:43:45,2.5,-,,33.92,125.22,전남 신안군 흑산면 남남서쪽 85km 해역
460,615,2018-02-08 09:56:49,2.7,9,,35.10,124.99,전남 신안군 흑산면 북서쪽 67km 해역
463,612,2018-02-06 09:18:33,2.5,12,,36.08,129.33,경북 포항시 북구 북서쪽 5km 지역
464,611,2018-02-04 22:20:35,2.3,8,,36.06,129.31,경북 포항시 북구 서북서쪽 5km 지역
465,610,2018-02-04 18:50:25,2.8,14,,36.37,127.62,충북 옥천군 북북동쪽 8km 지역
466,609,2018-02-04 15:43:38,2.1,7,,36.11,129.36,경북 포항시 북구 북쪽 8km 지역
467,608,2018-02-03 12:35:01,2.6,19,,33.77,127.40,전남 여수시 거문도 남남동쪽 30km 해역
468,607,2018-02-03 11:12:18,2.0,6,,36.14,129.36,경북 포항시 북구 북쪽 11km 지역
469,606,2018-02-02 12:21:12,2.9,9,,36.12,129.37,경북 포항시 북구 북쪽 9km 지역
471,604,2018-01-24 01:25:17,2.4,16,,34.32,127.32,전남 여수시 거문도 북쪽 32km 해역
472,603,2018-01-10 18:42:59,2.0,20,,36.26,127.34,대전 서구 남남서쪽 12km 지역
473,602,2018-01-09 16:17:51,2.1,20,,33.98,127.11,전남 여수시 거문도 서남서쪽 19km 해역
475,600,2018-01-01 19:11:53,2.0,8,,36.11,129.36,경북 포항시 북구 북쪽 8km 지역
477,598,2017-12-30 19:44:13,2.0,17,,35.76,129.17,경북 경주시 남남서쪽 9km 지역
478,597,2017-12-29 17:40:22,2.1,10,,36.11,129.34,경북 포항시 북구 북북서쪽 8km 지역
479,596,2017-12-27 19:42:44,2.3,8,,36.11,129.36,경북 포항시 북구 북쪽 7km 지역
480,595,2017-12-27 19:27:45,2.8,8,,36.11,129.36,경북 포항시 북구 북쪽 7km 지역
481,594,2017-12-26 04:05:46,2.2,6,,36.14,129.37,경북 포항시 북구 북쪽 11km 지역
482,593,2017-12-25 16:32:02,2.1,8,,36.11,129.36,경북 포항시 북구 북쪽 7km 지역
483,592,2017-12-25 16:19:22,3.5,10,,36.11,129.36,경북 포항시 북구 북쪽 8km 지역
485,590,2017-12-21 12:01:12,2.0,5,,36.72,128.01,경북 문경시 북서쪽 21km 지역
486,589,2017-12-20 19:22:34,2.3,18,,36.09,125.64,충남 태안군 서격렬비도 남쪽 57km 해역
487,588,2017-12-19 13:34:28,2.1,7,,35.77,129.42,경북 경주시 동남동쪽 20km 지역
489,586,2017-12-09 16:15:37,2.3,23,,35.61,129.99,울산 동구 동북동쪽 54km 해역
492,583,2017-12-09 02:39:18,2.3,9,,36.10,129.35,경북 포항시 북구 북북서쪽 7km 지역
493,582,2017-12-09 01:49:59,2.2,8,,36.10,129.35,경북 포항시 북구 북북서쪽 7km 지역
495,580,2017-12-05 21:19:32,2.1,11,,36.02,129.45,경북 포항시 남구 동쪽 9km 해역
496,579,2017-12-04 21:55:47,2.5,21,,33.42,127.15,제주 서귀포시 성산 동쪽 25km 해역
497,578,2017-12-03 01:13:47,2.1,13,,36.75,128.82,경북 안동시 북북동쪽 22km 지역
499,576,2017-12-01 16:23:48,2.7,8,,33.24,127.32,제주 서귀포시 성산 동남동쪽 44km 해역
500,575,2017-12-01 08:03:26,2.4,7,,36.10,129.35,경북 포항시 북구 북북서쪽 7km 지역
501,574,2017-11-26 03:13:48,2.9,13,,36.69,124.65,충남 태안군 서격렬비도 서쪽 79km 해역
502,573,2017-11-25 14:10:41,2.3,8,,36.11,129.35,경북 포항시 북구 북쪽 7km 지역
503,572,2017-11-25 12:51:11,2.0,8,,36.10,129.35,경북 포항시 북구 북쪽 7km 지역
504,571,2017-11-24 21:27:25,2.3,13,,34.05,125.57,전남 신안군 흑산면 남쪽 68km 해역
505,570,2017-11-24 01:17:27,2.3,8,,36.11,129.35,경북 포항시 북구 북쪽 7km 지역
506,569,2017-11-24 00:29:56,2.6,-,,37.23,125.04,인천 옹진군 연평도 남서쪽 76km 해역
507,568,2017-11-23 23:27:05,2.3,14,,36.11,129.37,경북 포항시 북구 북쪽 8km 지역
508,567,2017-11-22 22:15:41,2.0,8,,36.12,129.35,경북 포항시 북구 북쪽 9km 지역
509,566,2017-11-22 12:41:46,2.5,8,,36.10,129.35,경북 포항시 북구 북북서쪽 6km 지역
510,565,2017-11-21 09:53:01,2.4,-,,36.11,129.33,경북 포항시 북구 북북서쪽 8km 지역
511,564,2017-11-21 08:57:29,2.1,9,,36.09,129.34,경북 포항시 북구 북북서쪽 5km 지역
512,563,2017-11-21 05:58:34,2.0,13,,36.09,129.35,경북 포항시 북구 북쪽 6km 지역
513,562,2017-11-20 06:05:15,3.6,12,,36.14,129.36,경북 포항시 북구 북쪽 11km 지역
514,561,2017-11-19 23:45:47,3.5,9,,36.12,129.36,경북 포항시 북구 북쪽 9km 지역
515,560,2017-11-19 06:40:59,2.2,11,,36.09,129.34,경북 포항시 북구 북북서쪽 6km 지역
516,559,2017-11-19 05:07:05,2.1,8,,36.12,129.38,경북 포항시 북구 북쪽 9km 지역
517,558,2017-11-19 03:33:31,2.4,12,,36.09,129.35,경북 포항시 북구 북북서쪽 6km 지역
518,557,2017-11-19 01:18:38,2.0,8,,36.11,129.34,경북 포항시 북구 북북서쪽 8km 지역
519,556,2017-11-17 18:57:15,2.6,12,,36.10,129.35,경북 포항시 북구 북북서쪽 6km 지역
520,555,2017-11-17 08:25:50,2.1,11,,36.12,129.37,경북 포항시 북구 북쪽 8km지역
521,554,2017-11-17 01:17:01,2.1,11,,36.08,129.33,경북 포항시 북구 북북서쪽 6km지역
522,553,2017-11-16 19:05:05,2.4,9,,36.12,129.36,경북 포항시 북구 북쪽 9km지역
523,552,2017-11-16 17:32:49,2.2,8,,36.12,129.36,경북 포항시 북구 북쪽 9km지역
524,551,2017-11-16 17:31:21,2.0,8,,36.11,129.37,경북 포항시 북구 북쪽 7km지역
525,550,2017-11-16 16:48:31,2.4,12,,36.12,129.36,경북 포항시 북구 북쪽 8km 지역
526,549,2017-11-16 14:31:09,2.0,10,,36.10,129.34,경북 포항시 북구 북북서쪽 7km 지역
527,548,2017-11-16 14:04:04,2.3,7,,36.13,129.37,경북 포항시 북구 북쪽 10km 지역
528,547,2017-11-16 10:37:34,2.3,11,,36.10,129.35,경북 포항시 북구 북북서쪽 6km 지역
529,546,2017-11-16 09:47:28,2.1,11,,36.12,129.37,경북 포항시 북구 북쪽 9km 지역
530,545,2017-11-16 09:02:42,3.6,8,,36.12,129.37,경북 포항시 북구 북쪽 8km 지역
531,544,2017-11-16 05:54:11,2.5,10,,36.09,129.34,경북 포항시 북구 북북서쪽 6km 지역
532,543,2017-11-16 05:03:37,2.0,8,,36.08,129.34,경북 포항시 북구 북북서쪽 5km 지역
533,542,2017-11-16 02:37:43,2.3,8,,36.14,129.37,경북 포항시 북구 북쪽 11km 지역
534,541,2017-11-16 01:36:05,2.5,13,,36.14,129.36,경북 포항시 북구 북쪽 10km 지역
535,540,2017-11-16 01:23:12,2.1,11,,36.09,129.35,경북 포항시 북구 북북서쪽 6km 지역
536,539,2017-11-16 00:38:14,2.0,9,,36.09,129.35,경북 포항시 북구 북북서쪽 6km 지역
537,538,2017-11-16 00:21:53,2.4,8,,36.14,129.35,경북 포항시 북구 북쪽 10km 지역
538,537,2017-11-15 23:18:07,2.1,10,,36.13,129.38,경북 포항시 북구 북쪽 10km 지역
539,536,2017-11-15 23:05:16,2.0,12,,36.10,129.36,경북 포항시 북구 북쪽 6km 지역
540,535,2017-11-15 22:43:12,2.1,10,,36.10,129.36,경북 포항시 북구 북쪽 7km 지역
541,534,2017-11-15 22:24:30,2.1,7,,36.14,129.38,경북 포항시 북구 북쪽 11km 지역
542,533,2017-11-15 21:59:27,2.1,7,,36.14,129.36,경북 포항시 북구 북쪽 10km 지역
543,532,2017-11-15 21:35:25,2.0,10,,36.11,129.36,경북 포항시 북구 북쪽 8km 지역
544,531,2017-11-15 20:54:25,2.4,10,,36.10,129.35,경북 포항시 북구 북북서쪽 7km 지역
545,530,2017-11-15 18:59:38,2.1,9,,36.11,129.35,경북 포항시 북구 북쪽 8km 지역
546,529,2017-11-15 18:58:26,2.2,8,,36.10,129.35,경북 포항시 북구 북북서쪽 7km 지역
547,528,2017-11-15 18:57:36,2.3,8,,36.11,129.35,경북 포항시 북구 북북서쪽 8km 지역
548,527,2017-11-15 18:51:33,2.0,11,,36.14,129.38,경북 포항시 북구 북쪽 11km 지역
549,526,2017-11-15 18:48:23,2.1,5,,36.14,129.38,경북 포항시 북구 북쪽 11km 지역
550,525,2017-11-15 18:41:46,2.1,11,,36.09,129.32,경북 포항시 북구 북서쪽 6km 지역
551,524,2017-11-15 17:42:53,2.2,10,,36.14,129.37,경북 포항시 북구 북쪽 11km 지역
552,523,2017-11-15 17:11:10,2.8,-,,36.08,129.31,경북 포항시 북구 북서쪽 7km 지역
553,522,2017-11-15 16:57:53,2.2,7,,36.14,129.37,경북 포항시 북구 북쪽 11km 지역
554,521,2017-11-15 16:49:30,4.3,10,,36.12,129.36,경북 포항시 북구 북쪽 9km 지역
555,520,2017-11-15 16:18:36,2.0,6,,36.14,129.36,경북 포항시 북구 북쪽 11km 지역
556,519,2017-11-15 16:16:17,2.4,8,,36.09,129.35,경북 포항시 북구 북북서쪽 6km 지역
557,518,2017-11-15 16:11:00,2.9,12,,36.13,129.36,경북 포항시 북구 북쪽 10km 지역
558,517,2017-11-15 15:55:00,2.2,10,,36.12,129.37,경북 포항시 북구 북쪽 9km 지역
559,516,2017-11-15 15:36:19,2.3,7,,36.09,129.33,경북 포항시 북구 북북서쪽 6km 지역
560,515,2017-11-15 15:23:50,2.6,11,,36.09,129.35,경북 포항시 북구 북북서쪽 6km 지역
561,514,2017-11-15 15:19:46,2.4,11,,36.14,129.38,경북 포항시 북구 북쪽 11km 지역
562,513,2017-11-15 15:14:59,2.5,9,,36.11,129.35,경북 포항시 북구 북쪽 8km 지역
563,512,2017-11-15 15:09:49,3.5,8,,36.09,129.34,경북 포항시 북구 북북서쪽 6km 지역
564,511,2017-11-15 15:00:54,2.9,8,,36.11,129.35,경북 포항시 북구 북쪽 7km 지역
565,510,2017-11-15 14:58:19,2.9,-,,36.12,129.37,경북 포항시 북구 북쪽 9km 지역
566,509,2017-11-15 14:56:32,2.8,12,,36.10,129.35,경북 포항시 북구 북북서쪽 7km 지역
567,508,2017-11-15 14:52:55,2.4,9,,36.11,129.35,경북 포항시 북구 북쪽 8km 지역
568,507,2017-11-15 14:50:05,2.4,8,,36.10,129.36,경북 포항시 북구 북쪽 6km 지역
569,506,2017-11-15 14:46:00,2.5,6,,36.12,129.39,경북 포항시 북구 북북동쪽 9km 지역
570,505,2017-11-15 14:32:59,3.6,8,,36.10,129.36,경북 포항시 북구 북쪽 7km 지역
571,504,2017-11-15 14:29:31,5.4,7,,36.11,129.37,경북 포항시 북구 북쪽 8km 지역
572,503,2017-11-15 14:22:44,2.6,-,,36.08,129.31,경북 포항시 북구 북서쪽 7km 지역
573,502,2017-11-15 14:22:32,2.2,8,,36.11,129.36,경북 포항시 북구 북쪽 7km 지역
574,501,2017-11-14 02:17:56,2.7,-,,37.29,124.82,인천 백령도 남쪽 75km 해역
575,500,2017-11-11 17:18:51,2.2,18,,34.84,127.46,전남 순천시 남남서쪽 13km 해역
576,499,2017-11-09 13:29:42,2.0,16,,35.75,129.18,경북 경주시 남남서쪽 10km 지역
577,498,2017-11-08 17:52:49,2.0,9,,35.16,128.57,경남 창원 마산합포구 남쪽 4km 지역
578,497,2017-11-08 09:35:18,2.5,13,,33.05,126.20,제주 제주시 고산 남쪽 28km 해역
579,496,2017-10-30 11:02:10,2.1,10,,36.42,126.48,충남 보령시 북서쪽 15km 해역
580,495,2017-10-29 02:14:56,2.2,12,,34.39,127.34,전남 고흥군 남남동쪽 25km 해역
581,494,2017-10-21 13:11:20,2.7,12,,33.63,126.05,제주 제주시 고산 북북서쪽 39km 해역
583,492,2017-10-20 06:41:59,2.0,13,,35.90,127.54,전북 진안군 북동쪽 15km 지역
584,491,2017-10-18 04:56:03,2.6,16,,36.59,129.45,경북 영덕군 북북동쪽 20km 해역
585,490,2017-10-16 15:51:15,2.5,14,,35.79,129.19,경북 경주시 남남서쪽 6km 지역
586,489,2017-10-16 06:08:45,2.8,18,,33.86,125.30,전남 신안군 흑산면 남쪽 89km 해역
588,487,2017-10-08 12:18:28,2.8,16,,34.84,127.25,전남 보성군 동북동쪽 17km 지역
589,486,2017-10-04 12:10:31,2.1,11,,36.16,127.13,충남 논산시 남동쪽 4km 지역
590,485,2017-10-04 02:11:48,2.4,22,,35.56,129.88,울산 동구 동쪽 42km 해역
591,484,2017-09-30 15:34:31,2.5,18,,33.42,127.15,제주 서귀포시 성산 동쪽 25km 해역
594,481,2017-09-16 01:34:06,2.2,19,,34.25,127.13,전남 여수시 거문도 북서쪽 29km 해역
595,480,2017-09-11 17:25:57,3.2,-,,35.29,124.16,전남 신안군 흑산면 서북서쪽 139km 해역
596,479,2017-09-07 14:58:07,2.9,19,,37.60,125.34,인천 옹진군 연평도 서남서쪽 33km 해역
597,478,2017-09-01 05:57:30,2.1,18,,36.42,127.21,충남 공주시 동남동쪽 9km 지역
598,477,2017-08-29 22:06:49,2.4,7,,35.31,125.36,전남 영광군 안마도 서쪽 61km 해역
602,473,2017-08-09 13:53:43,2.7,12,,33.87,125.52,전남 신안군 흑산면 남쪽 87km 해역
604,471,2017-07-20 14:38:47,2.0,11,,37.39,129.54,강원 삼척시 동남동쪽 33km 해역
605,470,2017-07-19 10:23:35,2.2,28,,33.77,126.12,제주 제주시 북서쪽 48km 해역
606,469,2017-07-18 10:31:05,2.7,16,,37.69,126.19,인천 강화군 서남서쪽 27km 해역
607,468,2017-07-09 03:43:48,2.1,18,,33.51,125.73,제주 제주시 고산 서북서쪽 47km 해역
609,466,2017-07-06 06:00:26,2.4,6,,36.00,127.94,경북 김천시 남서쪽 22km 지역
610,465,2017-07-05 19:17:30,2.5,5,,35.99,127.97,경북 김천시 남서쪽 21km 지역
612,463,2017-06-27 20:17:18,2.0,15,,35.77,129.20,경북 경주시 남남서쪽 8km 지역
613,462,2017-06-20 11:02:37,2.0,12,,35.85,129.08,경북 경주시 서쪽 12km 지역
614,461,2017-06-17 14:30:09,2.3,21,,33.38,127.21,제주 서귀포시 성산 동쪽 30km 해역
615,460,2017-06-15 16:56:24,2.4,13,,36.54,125.07,충남 태안군 서격렬비도 서쪽 42km 해역
617,458,2017-06-13 08:01:51,2.1,17,,35.74,129.18,경북 경주시 남남서쪽 11km 지역
618,457,2017-06-11 20:31:52,2.5,14,,35.77,129.17,경북 경주시 남남서쪽 9km 지역
619,456,2017-06-11 18:16:53,2.0,12,,37.28,129.21,강원 삼척시 남남동쪽 19km 지역
620,455,2017-06-04 05:16:11,2.1,18,,36.83,128.10,충북 충주시 남동쪽 24km 지역
621,454,2017-05-28 15:47:38,2.7,21,,35.67,129.56,울산 북구 동북동쪽 20km 해역
622,453,2017-05-25 11:20:07,3.0,24,,36.96,124.40,충남 태안군 서격렬비도 서북서쪽 109km 해역
623,452,2017-05-20 22:29:33,2.9,15,,37.73,129.62,강원 동해시 동북동쪽 50km 해역
624,451,2017-05-20 16:29:02,2.0,12,,35.92,128.27,경북 성주군 북서쪽 1km 지역
625,450,2017-05-16 23:29:02,2.2,6,,36.60,128.92,경북 안동시 동북동쪽 17km 지역
626,449,2017-05-16 20:06:49,2.1,-,,36.85,124.55,충남 태안군 서격렬비도 서북서쪽 92km 해역
627,448,2017-05-13 18:37:23,2.8,15,,36.61,129.44,경북 영덕군 북북동쪽 23km 해역
628,447,2017-05-10 22:31:14,2.1,16,,36.61,129.45,경북 영덕군 북북동쪽 23km 해역
629,446,2017-05-10 14:06:47,2.5,19,,35.88,126.19,전북 부안군 위도 북북서쪽 32km 해역
630,445,2017-05-05 23:16:21,3.0,11,,35.32,127.43,전남 구례군 북북서쪽 13km 지역
631,444,2017-05-05 00:02:55,2.0,15,,36.73,128.10,경북 문경시 북북서쪽 18km 지역
632,443,2017-05-04 21:46:23,2.4,14,,36.74,128.10,경북 문경시 북북서쪽 18km 지역
633,442,2017-05-04 01:08:27,2.6,16,,36.61,129.44,경북 영덕군 북북동쪽 22km 해역
634,441,2017-04-28 11:19:23,2.1,13,,36.60,128.81,경북 안동시 동북동쪽 8km 지역
635,440,2017-04-28 05:54:29,2.4,5,,33.33,127.85,제주 서귀포시 성산 동쪽 90km 해역
636,439,2017-04-20 16:00:21,3.2,-,,33.77,127.28,전남 여수시 거문도 남쪽 29km 해역
637,438,2017-04-18 17:36:38,2.1,12,,35.50,128.88,경남 밀양시 동쪽 12km 지역
638,437,2017-04-18 01:17:44,2.0,16,,35.76,129.18,경북 경주시 남남서쪽 9km 지역
639,436,2017-04-16 21:39:21,2.2,6,,36.70,125.18,충남 태안군 서격렬비도 서북서쪽 33km 해역
640,435,2017-04-15 17:16:47,2.0,8,,36.11,129.37,경북 포항시 북구 북쪽 8km 지역
641,434,2017-04-15 11:31:13,3.1,13,,36.11,129.36,경북 포항시 북구 북쪽 8km 지역
642,433,2017-04-15 05:41:52,2.2,15,,35.76,129.18,경북 경주시 남남서쪽 9km 지역
643,432,2017-04-10 04:02:49,2.3,17,,35.16,128.77,경남 창원시 진해구 동북동쪽 6km 지역
645,430,2017-04-09 01:45:53,2.1,13,,35.76,129.20,경북 경주시 남쪽 9km 지역
647,428,2017-04-08 18:20:49,2.7,11,,35.76,129.18,경북 경주시 남남서쪽 9km 지역
648,427,2017-04-07 00:04:09,2.0,-,,35.97,127.80,전북 무주군 동남동쪽 13km 지역
649,426,2017-04-04 23:25:52,2.2,21,,35.67,129.85,울산 동구 동북동쪽 43km 해역
650,425,2017-04-01 16:04:16,2.2,16,,35.78,129.20,경북 경주시 남남서쪽 7km 지역
651,424,2017-03-31 13:53:28,2.5,15,,35.78,129.20,경북 경주시 남남서쪽 6km 지역
652,423,2017-03-31 13:46:09,3.3,17,,35.78,129.20,경북 경주시 남남서쪽 7km 지역
653,422,2017-03-30 21:49:53,2.0,17,,35.76,129.19,경북 경주시 남남서쪽 9km 지역
654,421,2017-03-28 15:45:38,2.0,16,,35.79,129.20,경북 경주시 남남서쪽 5km 지역
655,420,2017-03-28 00:48:39,2.2,-,,37.17,125.48,인천 옹진군 연평도 남남서쪽 58km 해역
656,419,2017-03-27 09:28:26,2.0,9,,35.21,126.95,광주 북구 북동쪽 5km 지역
658,417,2017-03-19 03:01:14,2.9,14,,33.32,127.18,제주 서귀포시 성산 동남동쪽 29km 해역
659,416,2017-03-14 05:41:43,2.1,22,,34.64,127.78,전남 여수시 남동쪽 17km 지역
660,415,2017-03-09 02:24:31,2.0,22,,35.82,129.78,경북 포항시 남구 동남동쪽 43km 해역
661,414,2017-03-07 06:53:36,2.6,-,,37.75,129.71,강원 동해시 동북동쪽 58km 해역
662,413,2017-03-07 03:48:07,2.2,20,,36.30,128.23,경북 구미시 북북서쪽 23km 지역
663,412,2017-03-06 06:21:33,2.0,-,,35.75,126.10,전북 부안군 위도 북서쪽 24km 해역
664,411,2017-03-05 19:19:07,2.1,7,,37.77,129.70,강원 동해시 동북동쪽 58km 해역
665,410,2017-03-05 15:09:40,2.1,9,,37.72,129.59,강원 동해시 동북동쪽 47km 해역
666,409,2017-03-05 09:28:49,2.4,8,,37.74,129.69,강원 동해시 동북동쪽 56km 해역
667,408,2017-03-05 09:18:27,3.2,13,,37.75,129.66,강원 동해시 동북동쪽 54km 해역
668,407,2017-03-05 07:52:04,2.4,17,,35.75,129.17,경북 경주시 남남서쪽 11km 지역
669,406,2017-03-04 06:33:12,2.3,7,,35.99,127.95,경북 김천시 남서쪽 22km 지역
670,405,2017-02-25 06:59:07,2.4,15,,35.74,129.18,경북 경주시 남남서쪽 11km 지역
671,404,2017-02-25 06:58:44,2.2,19,,35.74,129.17,경북 경주시 남남서쪽 12km 지역
673,402,2017-02-24 11:34:44,2.3,14,,36.38,127.79,충북 옥천군 동북동쪽 21km 지역
674,401,2017-02-23 21:03:51,3.1,7,,37.40,124.89,인천 백령도 남남동쪽 64km 해역
675,400,2017-02-22 13:08:50,2.1,14,,35.77,129.18,경북 경주시 남남서쪽 8km 지역
676,399,2017-02-21 03:21:11,2.1,14,,35.76,129.20,경북 경주시 남쪽 9km 지역
677,398,2017-02-18 20:58:19,2.4,17,,35.23,126.94,광주 북구 북북동쪽 7km 지역
678,397,2017-02-18 16:53:49,2.0,15,,33.23,126.18,제주 서귀포시 서쪽 35km 해역
679,396,2017-02-16 18:20:19,2.3,17,,35.64,128.09,경남 합천군 북서쪽 11km 지역
680,395,2017-02-16 02:34:56,2.9,15,,35.78,129.20,경북 경주시 남남서쪽 7km 지역
681,394,2017-02-12 09:22:27,2.3,22,,35.69,129.58,울산 북구 동북동쪽 23km 해역
683,392,2017-02-10 05:22:41,2.2,20,,35.65,129.57,울산 북구 동북동쪽 20km 해역
685,390,2017-02-05 19:07:29,2.5,21,,33.61,126.73,제주 제주시 동북동쪽 22km 해역
687,388,2017-01-26 22:53:38,2.0,-,,33.54,126.87,제주 제주시 동쪽 32km 해역
688,387,2017-01-24 04:07:56,2.6,16,,35.77,129.17,경북 경주시 남남서쪽 9km 지역
689,386,2017-01-21 03:27:38,2.6,15,,35.75,129.18,경북 경주시 남남서쪽 10km 지역
690,385,2017-01-18 12:49:53,2.5,-,,35.02,125.06,전남 신안군 흑산면 북서쪽 56km 해역
692,383,2017-01-16 19:54:13,2.1,20,,36.33,126.59,충남 보령시 서쪽 2km 지역
693,382,2017-01-16 06:57:31,2.7,21,,33.64,127.51,전남 여수시 거문도 남남동쪽 47km 해역
694,381,2017-01-14 11:52:55,2.2,10,,35.17,127.79,경남 하동군 북북동쪽 12km 지역
695,380,2017-01-11 00:10:05,2.1,20,,36.44,128.42,경북 의성군 서북서쪽 27km 지역
697,378,2017-01-06 05:33:23,2.2,12,,35.75,129.18,경북 경주시 남남서쪽 10km 지역
698,377,2017-01-06 05:31:13,3.3,12,,35.75,129.17,경북 경주시 남남서쪽 11km 지역
699,376,2017-01-04 05:00:47,2.5,18,,36.58,129.24,경북 영덕군 북북서쪽 22km 지역
702,373,2016-12-29 21:32:25,2.3,9,,36.12,129.36,경북 포항시 북구 북쪽 9km 지역
704,371,2016-12-25 06:29:09,2.5,11,,35.78,129.31,경북 경주시 남동쪽 11km 지역
705,370,2016-12-25 01:59:43,2.4,17,,35.25,129.39,부산 기장군 동쪽 15km 해역
706,369,2016-12-23 05:31:32,2.2,10,,36.12,129.36,경북 포항시 북구 북쪽 9km 지역
707,368,2016-12-22 21:13:32,2.2,18,,34.45,128.54,경남 통영시 매물도 남쪽 22km 해역
708,367,2016-12-15 17:14:53,2.1,14,,35.76,129.19,경북 경주시 남남서쪽 9km 지역
709,366,2016-12-14 17:20:34,3.3,12,,35.76,129.17,경북 경주시 남남서쪽 10km 지역
710,365,2016-12-14 10:05:28,2.1,12,,36.54,128.08,경북 상주시 북북서쪽 16km 지역
711,364,2016-12-12 17:53:17,3.3,16,,35.76,129.18,경북 경주시 남남서쪽 9km 지역
712,363,2016-12-12 04:46:32,2.2,13,,35.76,129.18,경북 경주시 남남서쪽 9km 지역
713,362,2016-12-11 16:05:36,2.6,14,,36.07,125.57,충남 태안군 서격렬비도 남쪽 59km 해역
714,361,2016-12-10 15:51:54,2.0,12,,37.63,129.68,강원 삼척시 동북동쪽 50km 해역
715,360,2016-12-10 00:51:13,2.1,18,,35.77,129.17,경북 경주시 남남서쪽 9km 지역
716,359,2016-12-09 11:30:45,2.4,8,,35.69,129.36,경북 경주시 남동쪽 21km 지역
717,358,2016-12-07 22:34:14,2.4,-,,37.18,125.48,인천 옹진군 연평도 남남서쪽 57km 해역
718,357,2016-12-05 07:42:21,2.1,21,,35.81,129.72,경북 포항시 남구 남동쪽 39km 해역
719,356,2016-12-05 00:47:03,2.1,14,,35.77,129.18,경북 경주시 남남서쪽 8km 지역
720,355,2016-12-02 04:45:42,2.1,14,,35.76,129.19,경북 경주시 남남서쪽 9km 지역
721,354,2016-11-29 10:09:22,2.9,17,,33.40,125.72,제주 제주시 고산 서북서쪽 43km 해역
723,352,2016-11-28 20:57:26,2.4,18,,35.77,129.19,경북 경주시 남남서쪽 8km 지역
724,351,2016-11-27 20:08:46,2.2,12,,36.02,127.39,충남 금산군 남서쪽 13km 지역
725,350,2016-11-27 06:53:12,2.5,10,,36.34,127.33,대전 유성구 남서쪽 3km 지역
726,349,2016-11-25 18:53:58,2.3,14,,35.75,129.17,경북 경주시 남남서쪽 11km 지역
727,348,2016-11-19 03:29:02,2.1,14,,35.76,129.19,경북 경주시 남남서쪽 9km 지역
728,347,2016-11-18 02:02:35,2.0,13,,35.51,128.09,경남 합천군 남서쪽 9km 지역
729,346,2016-11-16 23:15:44,2.1,6,,34.86,125.08,전남 신안군 흑산면 서북서쪽 43km 해역
730,345,2016-11-15 16:27:40,2.0,18,,35.76,129.19,경북 경주시 남남서쪽 9km 지역
732,343,2016-11-13 21:52:57,3.5,10,,36.36,126.63,충남 보령시 북북동쪽 4km 지역
734,341,2016-11-10 22:37:52,2.5,18,,36.46,129.89,경북 영덕군 동쪽 47km 해역
735,340,2016-11-09 20:55:44,2.3,20,,36.55,129.60,경북 영덕군 북동쪽 26km 해역
736,339,2016-11-06 06:26:22,3.5,12,,33.76,125.07,전남 신안군 흑산면 남남서쪽 106km 해역
737,338,2016-11-03 23:35:52,2.6,16,,35.32,128.49,경남 함안군 북동쪽 9km 지역
738,337,2016-11-03 10:36:23,2.3,11,,35.76,129.19,경북 경주시 남남서쪽 9km 지역
739,336,2016-11-03 10:02:26,2.3,18,,35.76,129.19,경북 경주시 남남서쪽 9km 지역
740,335,2016-11-03 03:46:06,2.1,14,,35.75,129.18,경북 경주시 남남서쪽 10km 지역
741,334,2016-11-02 03:01:43,2.3,10,,33.53,126.88,제주 제주시 동쪽 33km 지역
742,333,2016-10-25 19:57:37,2.4,8,,35.70,129.37,경북 경주시 남동쪽 21km 지역
743,332,2016-10-25 03:23:06,2.0,15,,35.76,129.19,경북 경주시 남남서쪽 9km 지역
744,331,2016-10-24 09:02:01,2.2,7,,37.25,127.02,경기 수원시 권선구 동쪽 4km 지역
745,330,2016-10-23 03:00:04,2.7,14,,35.78,129.20,경북 경주시 남남서쪽 7km 지역
746,329,2016-10-21 12:47:49,2.6,12,,35.75,129.17,경북 경주시 남남서쪽 11km 지역
747,328,2016-10-21 10:13:53,2.2,14,,36.46,126.87,충남 청양군 동쪽 6km 지역
748,327,2016-10-20 12:17:07,2.4,15,,35.76,129.19,경북 경주시 남남서쪽 9km 지역
749,326,2016-10-15 23:49:08,2.2,12,,35.76,129.17,경북 경주시 남남서쪽 10km 지역
750,325,2016-10-15 18:55:18,2.5,16,,35.74,129.18,경북 경주시 남남서쪽 11km 지역
751,324,2016-10-14 08:20:58,2.3,15,,35.76,129.19,경북 경주시 남남서쪽 9km 지역
752,323,2016-10-12 00:29:36,2.9,18,,35.76,129.18,경북 경주시 남남서쪽 9km 지역
753,322,2016-10-10 22:59:10,3.3,17,,35.75,129.18,경북 경주시 남남서쪽 10km 지역
754,321,2016-10-09 14:03:00,2.2,11,,35.08,126.93,광주 동구 남쪽 7km 지역
755,320,2016-10-07 17:17:58,2.2,16,,35.77,129.23,경북 경주시 남쪽 10km 지역
757,318,2016-10-04 15:16:44,2.6,15,,35.76,129.19,경북 경주시 남남서쪽9km 지역
758,317,2016-10-02 20:53:07,3.0,18,,35.75,129.19,경북 경주시 남남서쪽10km 지역
759,316,2016-10-01 17:00:34,2.3,15,,35.76,129.18,경북 경주시 남남서쪽 9km 지역
760,315,2016-10-01 13:04:16,2.0,15,,35.76,129.18,경북 경주시 남남서쪽 9km 지역
761,314,2016-09-30 21:52:49,2.2,15,,35.75,129.18,경북 경주시 남남서쪽 10km 지역
762,313,2016-09-30 18:06:36,2.3,16,,35.76,129.16,경북 경주시 남남서쪽 10km 지역
763,312,2016-09-30 16:24:16,2.0,17,,35.77,129.16,경북 경주시 남남서쪽 9km 지역
764,311,2016-09-30 11:09:47,2.1,15,,35.76,129.18,경북 경주시 남남서쪽 9km 지역
765,310,2016-09-28 21:10:34,2.7,15,,35.77,129.17,경북 경주시 남남서쪽 9km 지역
768,307,2016-09-28 16:34:30,3.1,13,,35.76,129.18,경북 경주시 남남서쪽 9km 지역
769,306,2016-09-24 19:56:21,2.5,15,,35.79,129.19,경북 경주시 남남서쪽 6km 지역
770,305,2016-09-23 18:21:42,2.1,17,,35.76,129.18,경북 경주시 남남서쪽 9km 지역
771,304,2016-09-22 03:22:32,2.1,14,,35.76,129.18,경북 경주시 남남서쪽 9km 지역
772,303,2016-09-22 00:01:30,2.3,16,,35.76,129.18,경북 경주시 남남서쪽 9km 지역
773,302,2016-09-21 11:53:54,3.5,18,,35.75,129.18,경북 경주시 남남서쪽 10km 지역
774,301,2016-09-21 11:36:41,2.2,16,,35.78,129.15,경북 경주시 남서쪽 9km 지역
775,300,2016-09-21 03:36:51,2.9,14,,35.77,129.18,경북 경주시 남남서쪽 8km 지역
776,299,2016-09-21 00:59:11,2.1,17,,35.76,129.18,경북 경주시 남남서쪽 9km 지역
777,298,2016-09-20 20:03:27,2.1,17,,35.77,129.19,경북 경주시 남남서쪽 8km 지역
779,296,2016-09-20 09:58:17,2.4,19,,35.76,129.20,경북 경주시 남쪽 9km 지역
780,295,2016-09-19 21:00:51,2.1,18,,35.75,129.17,경북 경주시 남남서쪽 11km 지역
781,294,2016-09-19 20:33:58,4.5,14,,35.74,129.18,경북 경주시 남남서쪽 11km 지역
782,293,2016-09-19 09:17:59,2.1,17,,35.76,129.17,경북 경주시 남남서쪽 10km 지역
783,292,2016-09-18 22:38:07,2.0,14,,35.75,129.18,경북 경주시 남남서쪽 10km 지역
784,291,2016-09-18 16:27:54,2.4,16,,35.76,129.17,경북 경주시 남남서쪽 10km 지역
785,290,2016-09-17 16:21:58,2.1,18,,35.76,129.18,경북 경주시 남남서쪽 9km 지역
786,289,2016-09-17 07:12:56,2.1,17,,35.76,129.18,경북 경주시 남남서쪽 9km 지역
787,288,2016-09-16 21:14:24,2.2,18,,35.76,129.18,경북 경주시 남남서쪽 9km 지역
788,287,2016-09-16 19:54:46,2.1,13,,35.74,129.17,경북 경주시 남남서쪽 12km 지역
789,286,2016-09-16 19:15:46,2.0,16,,35.76,129.18,경북 경주시 남남서쪽 10km 지역
790,285,2016-09-16 18:58:31,2.0,19,,35.75,129.18,경북 경주시 남남서쪽 10km 지역
791,284,2016-09-16 15:13:18,2.3,16,,35.76,129.17,경북 경주시 남남서쪽 10km 지역
792,283,2016-09-16 05:31:09,2.2,18,,35.78,129.19,경북 경주시 남남서쪽 7km 지역
793,282,2016-09-15 20:48:25,2.6,19,,35.76,129.19,경북 경주시 남남서쪽 9km 지역
794,281,2016-09-15 19:47:25,2.2,20,,35.77,129.19,경북 경주시 남남서쪽 8km 지역
795,280,2016-09-15 03:22:28,2.7,18,,35.76,129.18,경북 경주시 남쪽 9km 지역
796,279,2016-09-14 22:31:31,2.4,18,,35.76,129.17,경북 경주시 남남서쪽 10km 지역
797,278,2016-09-14 17:27:14,2.3,18,,35.77,129.17,경북 경주시 남남서쪽 9km 지역
798,277,2016-09-14 16:47:16,2.1,17,,35.77,129.18,경북 경주시 남남서쪽 8km 지역
799,276,2016-09-14 12:38:10,2.2,18,,35.78,129.19,경북 경주시 남남서쪽 7km 지역
800,275,2016-09-14 11:57:32,2.4,15,,33.93,126.62,전남 완도군 남남서쪽 44km 해역
801,274,2016-09-14 04:43:47,2.1,17,,35.77,129.17,경북 경주시 남남서쪽 9km 지역
802,273,2016-09-14 03:55:17,2.4,19,,35.76,129.18,경북 경주시 남남서쪽 9km 지역
803,272,2016-09-14 01:37:02,2.1,17,,35.77,129.18,경북 경주시 남남서쪽 8km 지역
804,271,2016-09-14 00:48:41,3.0,13,,35.75,129.18,경북 경주시 남남서쪽 11km 지역
805,270,2016-09-13 23:08:28,2.3,14,,35.73,129.36,경북 경주시 남동쪽 18km 지역
806,269,2016-09-13 21:49:09,2.1,16,,35.76,129.17,경북 경주시 남남서쪽 10km 지역
807,268,2016-09-13 18:54:03,2.1,18,,35.76,129.18,경북 경주시 남남서쪽 9km 지역
808,267,2016-09-13 17:15:37,2.0,17,,35.77,129.18,경북 경주시 남남서쪽 9km 지역
809,266,2016-09-13 16:52:11,2.5,19,,35.75,129.18,경북 경주시 남남서쪽 10km 지역
810,265,2016-09-13 16:21:33,2.0,18,,35.75,129.17,경북 경주시 남남서쪽 10km 지역
811,264,2016-09-13 16:02:48,2.5,17,,35.76,129.20,경북 경주시 남쪽 9km 지역
812,263,2016-09-13 14:41:41,2.1,16,,35.76,129.17,경북 경주시 남남서쪽 10km 지역
813,262,2016-09-13 14:31:42,3.0,14,,35.76,129.18,경북 경주시 남남서쪽 9km 지역
814,261,2016-09-13 13:18:08,2.1,16,,35.77,129.17,경북 경주시 남남서쪽 9km 지역
815,260,2016-09-13 13:16:04,2.4,16,,35.77,129.17,경북 경주시 남남서쪽 9km 지역
816,259,2016-09-13 13:09:09,2.3,16,,35.77,129.17,경북 경주시 남남서쪽 9km 지역
817,258,2016-09-13 12:33:58,2.0,18,,35.76,129.16,경북 경주시 남남서쪽 10km 지역
818,257,2016-09-13 12:27:05,2.2,18,,35.78,129.19,경북 경주시 남남서쪽 7km 지역
819,256,2016-09-13 10:58:45,2.0,18,,35.76,129.18,경북 경주시 남남서쪽 9km 지역
820,255,2016-09-13 10:44:13,2.2,18,,35.76,129.18,경북 경주시 남남서쪽 9km 지역
821,254,2016-09-13 10:05:38,2.0,18,,35.76,129.18,경북 경주시 남남서쪽 9km 지역
822,253,2016-09-13 10:01:27,2.3,18,,35.78,129.19,경북 경주시 남남서쪽 7km 지역
823,252,2016-09-13 09:23:27,2.3,17,,35.76,129.18,경북 경주시 남남서쪽 9km 지역
824,251,2016-09-13 08:47:57,2.3,17,,35.76,129.17,경북 경주시 남남서쪽 10km 지역
825,250,2016-09-13 08:24:47,3.2,14,,35.76,129.17,경북 경주시 남남서쪽 10km 지역
826,249,2016-09-13 07:47:42,2.4,17,,35.77,129.18,경북 경주시 남남서쪽 8km 지역
827,248,2016-09-13 07:03:27,2.1,18,,35.77,129.19,경북 경주시 남남서쪽 8km 지역
828,247,2016-09-13 06:48:03,2.0,16,,35.78,129.18,경북 경주시 남남서쪽 7km 지역
829,246,2016-09-13 06:15:29,2.3,19,,35.77,129.18,경북 경주시 남남서쪽 8km 지역
830,245,2016-09-13 05:15:54,2.0,16,,35.77,129.18,경북 경주시 남남서쪽 9km 지역
831,244,2016-09-13 04:56:59,2.0,15,,35.77,129.19,경북 경주시 남남서쪽 8km 지역
832,243,2016-09-13 04:41:59,2.1,17,,35.76,129.17,경북 경주시 남남서쪽 10km 지역
833,242,2016-09-13 04:13:31,2.1,16,,35.78,129.19,경북 경주시 남남서쪽 7km 지역
834,241,2016-09-13 03:11:21,2.1,17,,35.75,129.17,경북 경주시 남남서쪽 11km 지역
835,240,2016-09-13 02:09:35,2.0,17,,35.75,129.18,경북 경주시 남남서쪽 10km 지역
836,239,2016-09-13 02:03:49,2.2,14,,35.78,129.19,경북 경주시 남남서쪽 7km 지역
837,238,2016-09-13 02:03:36,2.1,17,,35.76,129.17,경북 경주시 남남서쪽 10km 지역
838,237,2016-09-13 01:58:39,2.5,17,,35.77,129.18,경북 경주시 남남서쪽 8km 지역
839,236,2016-09-13 01:37:33,2.2,17,,35.77,129.18,경북 경주시 남남서쪽 8km 지역
840,235,2016-09-13 01:35:51,2.3,17,,35.75,129.17,경북 경주시 남남서쪽 11km 지역
841,234,2016-09-13 01:31:00,2.0,16,,35.77,129.18,경북 경주시 남남서쪽 8km 지역
842,233,2016-09-13 01:23:56,2.2,17,,35.75,129.19,경북 경주시 남남서쪽 10km 지역
843,232,2016-09-13 01:03:39,2.0,17,,35.77,129.17,경북 경주시 남남서쪽 9km 지역
844,231,2016-09-13 00:45:50,2.2,17,,35.76,129.18,경북 경주시 남남서쪽 9km 지역
845,230,2016-09-13 00:37:10,3.1,19,,35.78,129.21,경북 경주시 남쪽 6km 지역
846,229,2016-09-13 00:32:18,2.1,16,,35.76,129.19,경북 경주시 남남서쪽 9km 지역
847,228,2016-09-13 00:21:37,2.5,18,,35.76,129.19,경북 경주시 남남서쪽 9km 지역
848,227,2016-09-13 00:15:02,2.0,15,,35.76,129.18,경북 경주시 남남서쪽 9km 지역
849,226,2016-09-13 00:10:05,2.0,17,,35.76,129.18,경북 경주시 남남서쪽 9km 지역
850,225,2016-09-13 00:07:43,2.2,16,,35.76,129.19,경북 경주시 남남서쪽 9km 지역
851,224,2016-09-12 23:53:42,2.2,16,,35.77,129.19,경북 경주시 남남서쪽 8km 지역
852,223,2016-09-12 23:52:30,3.1,18,,35.75,129.18,경북 경주시 남남서쪽 10km 지역
853,222,2016-09-12 23:18:27,3.0,17,,35.76,129.17,경북 경주시 남남서쪽 8km 지역
854,221,2016-09-12 22:47:13,2.1,13,,35.77,129.19,경북 경주시 남남서쪽 8km 지역
855,220,2016-09-12 22:23:27,2.4,17,,35.77,129.18,경북 경주시 남남서쪽 8km 지역
856,219,2016-09-12 22:22:50,2.2,17,,35.76,129.18,경북 경주시 남남서쪽 9km 지역
857,218,2016-09-12 22:18:36,2.0,17,,35.77,129.18,경북 경주시 남남서쪽 8km 지역
858,217,2016-09-12 22:17:35,2.5,15,,35.76,129.18,경북 경주시 남남서쪽 9km 지역
859,216,2016-09-12 22:13:14,2.4,17,,35.76,129.19,경북 경주시 남남서쪽 9km 지역
860,215,2016-09-12 22:08:25,2.0,18,,35.76,129.18,경북 경주시 남남서쪽 9km 지역
861,214,2016-09-12 22:06:22,2.1,16,,35.77,129.19,경북 경주시 남남서쪽 8km 지역
862,213,2016-09-12 21:54:53,2.1,12,,35.77,129.19,경북 경주시 남남서쪽 8km 지역
863,212,2016-09-12 21:54:34,2.2,16,,35.76,129.16,경북 경주시 남남서쪽 10km 지역
864,211,2016-09-12 21:38:35,2.6,18,,35.76,129.19,경북 경주시 남남서쪽 9km 지역
865,210,2016-09-12 21:33:57,2.3,17,,35.76,129.02,경북 경주시 서남서쪽 20km 지역
866,209,2016-09-12 21:20:48,2.8,19,,35.78,129.18,경북 경주시 남남서쪽 7km 지역
867,208,2016-09-12 21:16:38,2.1,13,,35.76,129.18,경북 경주시 남남서쪽 9km 지역
868,207,2016-09-12 21:09:19,2.2,15,,35.77,129.19,경북 경주시 남남서쪽 8km 지역
869,206,2016-09-12 21:07:59,2.0,15,,35.77,129.19,경북 경주시 남남서쪽 8km 지역
870,205,2016-09-12 21:00:35,2.5,18,,35.77,129.18,경북 경주시 남남서쪽 8km 지역
871,204,2016-09-12 20:58:45,2.1,16,,35.77,129.17,경북 경주시 남남서쪽 9km 지역
872,203,2016-09-12 20:55:00,2.0,11,,35.76,129.18,경북 경주시 남남서쪽 9km 지역
873,202,2016-09-12 20:51:13,2.6,16,,35.75,129.16,경북 경주시 남남서쪽 11km 지역
874,201,2016-09-12 20:47:55,2.9,16,,35.76,129.19,경북 경주시 남남서쪽 9km 지역
875,200,2016-09-12 20:47:41,2.2,14,,35.81,129.23,경북 경주시 남남동쪽 3km 지역
876,199,2016-09-12 20:46:28,2.4,16,,35.76,129.17,경북 경주시 남남서쪽 10km 지역
877,198,2016-09-12 20:45:36,2.7,14,,35.78,129.20,경북 경주시 남남서쪽 7km 지역
878,197,2016-09-12 20:45:06,2.3,15,,35.76,129.17,경북 경주시 남남서쪽 10km 지역
879,196,2016-09-12 20:44:02,2.5,17,,35.76,129.18,경북 경주시 남남서쪽 9km 지역
880,195,2016-09-12 20:43:31,2.4,13,,35.76,129.19,경북 경주시 남남서쪽 9km 지역
881,194,2016-09-12 20:42:27,2.5,13,,35.79,129.20,경북 경주시 남남서쪽 5km 지역
882,193,2016-09-12 20:40:40,3.0,17,,35.76,129.18,경북 경주시 남남서쪽 9km 지역
883,192,2016-09-12 20:39:35,3.0,16,,35.77,129.19,경북 경주시 남남서쪽 8km 지역
884,191,2016-09-12 20:38:32,3.0,15,,35.78,129.20,경북 경주시 남남서쪽 7km 지역
885,190,2016-09-12 20:36:00,3.4,13,,35.75,129.18,경북 경주시 남남서쪽 10km 지역
886,189,2016-09-12 20:34:22,3.6,12,,35.78,129.19,경북 경주시 남남서쪽 7km 지역
887,188,2016-09-12 20:32:54,5.8,15,,35.76,129.19,경북 경주시 남남서쪽 8.7km 지역
888,187,2016-09-12 20:26:22,2.5,17,,35.77,129.20,경북 경주시 남쪽 8km 지역
889,186,2016-09-12 20:17:44,2.3,18,,35.76,129.19,경북 경주시 남남서쪽 9km 지역
890,185,2016-09-12 20:10:50,3.1,18,,35.77,129.18,경북 경주시 남남서쪽 8km 지역
891,184,2016-09-12 20:09:36,2.7,13,,35.76,129.17,경북 경주시 남남서쪽 10km 지역
892,183,2016-09-12 20:08:50,2.7,18,,35.76,129.18,경북 경주시 남남서쪽 9km 지역
893,182,2016-09-12 20:07:05,2.6,21,,35.76,129.19,경북 경주시 남남서쪽 9km 지역
894,181,2016-09-12 20:04:19,2.5,20,,35.77,129.18,경북 경주시 남남서쪽 8km 지역
895,180,2016-09-12 20:00:07,2.4,19,,35.78,129.16,경북 경주시 남서쪽 8km 지역
896,179,2016-09-12 19:55:36,2.4,18,,35.76,129.18,경북 경주시 남남서쪽 9km 지역
897,178,2016-09-12 19:53:01,2.1,16,,35.77,129.19,경북 경주시 남남서쪽 8km 지역
898,177,2016-09-12 19:50:50,2.2,13,,35.77,129.18,경북 경주시 남남서쪽 8km 지역
899,176,2016-09-12 19:48:03,3.1,16,,35.77,129.19,경북 경주시 남남서쪽 8km 지역
900,175,2016-09-12 19:46:40,2.2,14,,35.76,129.19,경북 경주시 남남서쪽 9km 지역
901,174,2016-09-12 19:45:48,2.4,12,,35.78,129.20,경북 경주시 남남서쪽 7km 지역
902,173,2016-09-12 19:44:32,5.1,15,,35.77,129.19,경북 경주시 남남서쪽 8.2km 지역
903,172,2016-08-30 00:39:46,2.6,18,,35.55,128.03,경남 합천군 서쪽 13km 지역
904,171,2016-08-28 23:27:20,2.1,7,,35.65,127.48,전북 장수군 서쪽 4km 지역
906,169,2016-08-20 18:54:44,2.9,18,,33.48,127.31,제주 서귀포시 성산 동북동쪽 41km 해역
909,166,2016-08-18 17:08:46,2.1,-,,37.18,125.46,인천 옹진군 연평도 남남서쪽 58km 해역
911,164,2016-08-16 11:57:40,2.4,14,,36.75,128.84,경북 안동시 북북동쪽 22km 지역
912,163,2016-07-30 01:51:57,2.3,13,,33.06,126.33,제주 서귀포시 남서쪽 27km 해역
913,162,2016-07-14 22:31:13,2.8,12,,35.12,130.24,울산 동구 동남동쪽 86km 해역
914,161,2016-07-13 14:13:02,2.0,9,,36.80,128.53,경북 영주시 서쪽 9km 지역
916,159,2016-07-09 04:47:52,2.3,18,,35.48,129.97,울산 동구 동쪽 50km 해역
917,158,2016-07-05 21:24:35,2.6,24,,35.51,129.87,울산 동구 동쪽 41km 해역
918,157,2016-07-05 20:33:03,5.0,19,,35.51,129.99,울산 동구 동쪽 52km 해역
921,154,2016-06-15 02:07:18,2.6,20,,35.87,129.69,경북 포항시 남구 동남동쪽 33km 해역
922,153,2016-06-13 12:33:06,2.7,8,,34.30,124.68,전남 신안군 흑산면 서남서쪽 82km 해역
923,152,2016-06-07 16:06:42,2.3,12,,33.05,126.17,제주 제주시 고산 남쪽 27km 해역
924,151,2016-06-05 10:11:39,2.2,17,,36.00,129.58,경북 포항시 남구 동쪽 20km 해역
925,150,2016-06-03 04:53:38,3.0,10,,36.39,127.92,경북 상주시 서쪽 22km 지역
926,149,2016-05-24 04:52:21,2.3,16,,33.61,125.56,제주 제주시 고산 서북서쪽 66km 해역
928,147,2016-05-03 03:29:09,2.4,-,,37.11,129.02,강원 태백시 남남동쪽 7km 지역
930,145,2016-04-28 10:16:43,2.4,10,,35.42,128.56,경남 창녕군 남남동쪽 15km 지역
931,144,2016-04-27 19:27:00,2.3,15,,35.57,128.34,경남 합천군 동쪽 16km 지역
932,143,2016-04-25 11:42:52,2.3,22,,33.51,125.91,제주 제주시 고산 북서쪽 34km 해역
933,142,2016-04-21 15:55:04,2.7,10,,33.53,125.89,제주 제주시 고산 북서쪽 36km 해역
934,141,2016-04-21 15:53:45,2.7,18,,33.52,125.92,제주 제주시 고산 북서쪽 34km 해역
935,140,2016-04-13 05:28:39,2.1,17,,35.92,127.93,경북 김천시 남남서쪽 28km 지역
936,139,2016-03-28 14:34:21,2.9,13,,35.22,127.96,경남 진주시 서북서쪽 12km 지역
938,137,2016-03-27 14:52:53,2.3,12,,35.33,130.04,울산 동구 동남동쪽 59km 해역
939,136,2016-03-15 03:38:34,2.5,13,,37.60,129.82,강원 삼척시 동북동쪽 60km 해역
940,135,2016-03-15 03:00:19,2.7,16,,36.31,128.21,경북 상주시 남남동쪽 12km 지역
942,133,2016-03-05 11:11:53,3.3,-,,35.61,129.82,울산 동구 동북동쪽 38km 해역
943,132,2016-03-02 14:04:43,2.7,-,,36.35,127.20,충남 공주시 남동쪽 13km 지역
945,130,2016-02-26 18:46:12,2.2,14,,33.23,127.19,제주 서귀포시 성산 동남동쪽 34km 해역
946,129,2016-02-24 23:22:12,2.9,20,,33.52,125.92,제주 제주시 고산 북서쪽 34km 해역
947,128,2016-02-11 05:57:44,3.1,17,,36.21,127.48,충남 금산군 북쪽 12km 지역
948,127,2016-01-31 03:03:02,2.0,28,,36.95,129.92,경북 울진군 동쪽 46 km 해역
949,126,2016-01-25 18:40:20,2.3,20,,36.22,128.69,경북 의성군 남쪽 14km 지역
951,124,2016-01-06 20:39:04,3.0,7,,36.01,128.07,경북 김천시 남쪽 14km 지역
952,123,2015-12-22 04:31:24,3.9,11,,36.02,126.95,전북 익산시 북쪽 8km 지역
953,122,2015-12-11 01:25:17,2.1,14,,36.90,126.58,충남 당진시 서북서쪽 5km 지역
954,121,2015-11-24 14:10:02,2.4,14,,35.69,129.75,울산 동구 북동쪽 36km 해역
955,120,2015-11-24 11:27:52,3.2,13,,35.67,129.82,울산 동구 동북동쪽 41km 해역
956,119,2015-11-13 20:04:33,2.6,18,,35.80,129.42,경북 경주시 동남동쪽 19km 지역
957,118,2015-10-30 15:17:29,2.9,17,,35.74,129.37,경북 경주시 남동쪽 18km 지역
958,117,2015-10-26 23:29:05,2.1,24,,34.09,126.85,전남 완도군 남남동쪽 26km 해역
959,116,2015-10-11 00:55:07,2.1,19,,33.30,127.02,제주 서귀포시 성산 남동쪽 16km 해역
960,115,2015-10-01 14:06:06,2.1,18,,35.78,129.14,경북 경주시 남서쪽 9km 지역
961,114,2015-10-01 09:21:25,2.5,17,,35.78,129.14,경북 경주시 남서쪽 9km 지역
962,113,2015-09-18 10:12:54,2.1,15,,34.70,128.75,경남 통영시 매물도 동북동쪽 17km 해역
963,112,2015-09-03 04:53:40,2.7,19,,33.27,127.04,제주 서귀포시 성산 남동쪽 20km 해역
965,110,2015-08-23 09:19:49,2.5,15,,36.38,129.77,경북 영덕군 동쪽 36km 해역
966,109,2015-08-17 16:56:23,2.5,8,,37.20,125.38,인천 옹진군 연평도 남남서쪽 59km 해역
967,108,2015-08-12 17:09:51,2.2,17,,37.17,127.50,경기 이천시 남남동쪽 13km 지역
968,107,2015-08-03 10:11:24,3.7,20,,33.26,127.06,제주 서귀포시 성산 남동쪽 22km 해역
969,106,2015-08-02 03:22:34,2.1,6,,37.19,128.44,강원 영월군 서북서쪽 2km 지역
970,105,2015-08-01 23:58:50,2.2,22,,35.32,127.45,전남 구례군 북쪽 13km 지역
971,104,2015-07-30 09:39:55,2.2,14,,35.15,127.98,경남 사천시 북서쪽 12km 지역
972,103,2015-07-23 04:02:14,2.6,9,,33.22,127.05,제주 서귀포시 성산 남동쪽 24km 해역
973,102,2015-07-20 01:33:01,2.2,20,,33.26,127.21,제주 서귀포시 성산 동남동쪽 34km 해역
974,101,2015-07-18 21:15:56,2.3,7,,36.07,128.08,경북 김천시 남남서쪽 7km 지역
975,100,2015-07-14 14:34:35,2.8,6,,33.24,127.01,제주 서귀포시 성산 남동쪽 20km 해역
976,99,2015-07-08 11:01:46,2.0,16,,37.63,125.86,인천 옹진군 연평도 동남동쪽 14km 해역
977,98,2015-07-04 08:49:09,2.1,15,,36.32,128.18,경북 상주시 남쪽 10km 지역
978,97,2015-06-22 12:44:46,2.4,7,,36.35,127.24,충남 공주시 남동쪽 15km 지역
979,96,2015-06-22 12:02:28,2.6,7,,35.85,125.00,충남 태안군 서격렬비도 남남서쪽 96km 해역
981,94,2015-06-07 20:54:01,2.1,13,,33.79,126.16,제주 제주시 북서쪽 48km 해역
982,93,2015-06-02 01:01:28,2.0,17,,36.76,129.98,경북 울진군 동남동쪽 57km 해역
983,92,2015-04-24 10:14:42,2.3,20,,35.88,129.69,경북 포항시 남구 동남동쪽 33km 해역
984,91,2015-04-21 02:05:40,2.1,12,,35.88,129.75,경북 포항시 남구 동남동쪽 38km 해역
985,90,2015-04-15 04:10:00,2.9,15,,35.14,129.93,울산 동구 남동쪽 61km 해역
986,89,2015-04-13 18:02:02,3.3,10,,37.18,125.47,인천 옹진군 연평도 남남서쪽 58km 해역
987,88,2015-03-19 16:20:18,2.7,21,,36.43,127.65,충북 옥천군 북북동쪽 16km 지역
988,87,2015-03-19 12:54:18,2.2,10,,34.16,128.37,경남 통영시 욕지도 남남동쪽 54km 해역
989,86,2015-03-10 13:10:34,2.7,5,,37.36,125.15,인천 옹진군 연평도 남서쪽 59km 해역
990,85,2015-02-23 04:54:14,2.7,23,,32.96,126.25,제주 제주시 고산 남남동쪽 38km 해역
991,84,2015-02-19 14:25:28,2.1,9,,36.09,125.05,충남 태안군 서격렬비도 남서쪽 71km 해역
992,83,2015-02-03 19:54:53,2.1,17,,33.61,127.57,전남 여수시 거문도 남남동쪽 52km 해역
993,82,2015-01-31 05:10:04,2.2,16,,36.60,129.45,경북 영덕군 북북동쪽 22km 해역
994,81,2015-01-08 20:15:18,3.5,16,,37.51,125.63,인천 옹진군 연평도 남남서쪽 18km 해역
996,79,2014-12-30 15:36:36,2.6,-,,35.21,124.79,전남 신안군 흑산면 북서쪽 88km 해역
997,78,2014-12-24 20:33:19,2.1,6,,35.89,127.33,전북 완주군 동쪽 15km 지역
999,76,2014-12-08 05:28:57,3.3,23,,34.75,127.17,전남 보성군 동남동쪽 8km 지역
1001,74,2014-11-06 14:48:49,2.3,18,,33.34,125.89,제주 제주시 고산 서북서쪽 26km 해역
1002,73,2014-11-06 04:25:16,2.5,-,,37.23,126.44,인천 옹진군 남남서쪽 30km 해역
1004,71,2014-10-21 06:33:22,2.3,20,,35.21,129.49,부산 기장군 동쪽 24km 해역
1005,70,2014-10-20 21:15:29,2.2,-,,33.68,125.88,제주 제주시 고산 북북서쪽 50km 해역
1006,69,2014-10-19 19:57:17,2.6,-,,36.44,128.19,경북 상주시 북동쪽 4km 지역
1007,68,2014-10-11 22:11:30,2.3,16,,37.73,129.43,강원 동해시 북동쪽 36km 해역
1008,67,2014-10-07 01:57:17,2.9,-,,33.30,125.96,제주 제주시 고산 서쪽 19km 해역
1009,66,2014-10-01 16:34:10,2.2,11,,36.67,125.45,충남 태안군 서격렬비도 북서쪽 11km 해역
1010,65,2014-09-28 21:32:44,3.2,8,,37.24,126.44,인천 옹진군 남서쪽 30km 지역
1011,64,2014-09-25 02:26:42,3.8,14,,35.07,129.94,울산 동구 남동쪽 67km 해역
1012,63,2014-09-23 15:27:58,3.5,14,,35.80,129.41,경북 경주시 동남동쪽 18km 지역
1013,62,2014-09-09 00:24:00,2.2,11,,35.68,129.38,경북 경주시 남동쪽 23km 지역
1014,61,2014-08-21 22:30:43,2.7,21,,33.87,127.83,전남 여수시 거문도 동남동쪽 51km 해역
1015,60,2014-08-18 05:13:55,2.1,7,,36.57,125.64,충남 태안군서격렬비도 동남동쪽 10km 해역
1016,59,2014-08-16 00:51:42,2.1,12,,33.59,126.58,제주 제주시 북북동쪽 11km 해역
1019,56,2014-08-02 01:32:27,2.2,14,,37.40,127.20,경기 광주시 서남서쪽 5km 지역
1020,55,2014-07-04 06:27:26,2.2,13,,34.51,125.41,전남 신안군 흑산면 남남서쪽 17km 해역
1021,54,2014-07-04 04:13:15,2.9,13,,35.66,129.78,울산 동구 동북동쪽 37km 해역
1022,53,2014-07-04 00:11:51,2.5,-,,35.65,129.81,울산 동구 동북동쪽 39km 해역
1023,52,2014-07-03 22:04:37,2.6,-,,35.66,129.82,울산 동구 동북동쪽 40km 해역
1024,51,2014-07-03 21:57:11,3.5,16,,35.66,129.76,울산 동구 동북동쪽 35km 해역
1026,49,2014-06-18 09:59:21,2.1,10,,35.91,128.66,대구 동구 북쪽 4km 지역
1027,48,2014-06-08 04:05:31,2.6,19,,33.52,125.96,제주 제주시 고산 북서쪽 31km 해역
1028,47,2014-06-05 13:29:11,2.3,19,,35.97,128.62,대구 동구 북쪽 10km 지역
1029,46,2014-05-15 08:46:51,3.4,18,,33.00,126.21,제주 제주시 고산 남쪽 33km 해역
1030,45,2014-04-25 12:14:39,2.9,8,,35.97,128.04,경북 김천시 남남서쪽 19km 지역
1031,44,2014-04-13 14:02:02,2.9,-,,36.93,124.52,충남 태안군 서격렬비도 서북서쪽 97km 해역
1032,43,2014-04-12 01:44:49,2.6,14,,33.52,126.90,제주 제주시 동쪽 34km 지역
1033,42,2014-04-08 06:19:14,2.7,9,,36.96,124.44,충남 태안군 서격렬비도 서북서쪽 105km 해역
1034,41,2014-04-01 09:25:12,2.3,7,,36.95,124.50,충남 태안군 서격렬비도 서북서쪽 100km 해역
1035,40,2014-04-01 04:48:35,5.1,8,,36.95,124.50,충남 태안군 서격렬비도 서북서쪽 100km 해역
1036,39,2014-03-28 10:40:45,3.0,19,,36.47,127.93,경북 상주시 서북서쪽 22km 지역
1038,37,2014-03-11 11:39:43,2.7,12,,35.86,128.47,대구 달성군 서북서쪽 9km 지역
1041,34,2014-02-21 21:17:21,2.7,6,,35.05,127.75,전남 광양시 북북동쪽 13km 지역
1043,32,2014-01-29 06:08:44,2.2,11,,36.23,128.80,경북 의성군 남동쪽 16km 지역
1044,31,2013-12-19 12:38:25,2.9,,,38.11,127.11,경기 연천군 동북동쪽 3km 지역
1045,30,2013-12-13 11:40:10,2.5,,,36.10,129.04,경북 영천시 북북동쪽 17km 지역
1046,29,2013-12-08 16:38:25,2.8,,,33.44,125.09,제주 제주시 고산 서쪽 101km 해역
1048,27,2013-12-03 21:00:39,2.5,,,35.64,128.72,경북 청도군 서남서쪽 2km 지역
1050,25,2013-11-26 02:26:02,2.1,,,37.12,128.11,충북 제천시 서남서쪽 10km 지역
1051,24,2013-11-22 23:29:17,2.1,,,36.99,126.40,충남 서산시 북북서쪽 24km 지역
1054,21,2013-11-10 16:28:54,2.0,,,37.66,124.67,인천 백령도 남쪽 33km 해역
1055,20,2013-11-08 21:02:41,3.0,,,36.24,126.36,충남 보령시 서남서쪽 25km 해역
1056,19,2013-11-08 19:14:44,2.6,,,36.23,126.36,충남 보령시 서남서쪽 25km 해역
1057,18,2013-10-26 06:47:39,2.7,,,37.96,124.61,인천 백령도 서쪽 6km 해역
1058,17,2013-10-19 00:16:27,2.0,,,35.96,128.06,경북 김천시 남쪽 20km 지역
1059,16,2013-10-11 16:06:25,3.6,,,36.46,129.61,경북 영덕군 동북동쪽 22km 해역
1060,15,2013-10-10 13:08:11,2.6,,,35.36,128.23,경남 의령군 북서쪽 5km 지역
1061,14,2013-09-15 13:16:36,2.3,,,36.55,129.23,경북 영양군 남동쪽 16km 지역
1062,13,2013-09-14 17:33:35,2.2,,,36.20,126.16,충남 보령시 서남서쪽 43km 해역
1063,12,2013-09-11 13:00:31,4.0,,,33.56,125.39,전남 신안군 가거도 남남동쪽 60km 해역
1064,11,2013-08-29 08:35:23,2.5,,,38.19,129.30,강원 강릉시 북동쪽 60km 해역
1065,10,2013-08-13 00:36:47,3.0,,,36.91,129.44,경북 울진군 남남동쪽 10km 해역
1066,9,2013-08-13 00:01:30,2.1,,,36.92,129.44,경북 울진군 남남동쪽 8km 해역
1067,8,2013-08-12 04:39:34,2.3,,,35.66,129.77,울산 동구 동북동쪽 36km 해역
1068,7,2013-08-12 04:33:48,3.1,,,35.66,129.75,울산 동구 동북동쪽 35km 해역
1070,5,2013-08-10 12:43:18,2.6,,,35.90,129.75,경북 포항시 남구 동남동쪽 37km 해역
1071,4,2013-08-07 21:08:46,2.0,,,36.19,126.08,충남 보령시 서남서쪽 51km 해역
1072,3,2013-08-04 19:58:28,2.3,,,36.20,126.16,충남 보령시 서남서쪽 43km 해역
1073,2,2013-08-01 17:22:37,3.1,,,36.19,126.17,충남 보령시 서남서쪽 43km 해역
1074,1,2013-08-01 00:57:45,2.8,,,36.23,126.22,충남 보령시 서남서쪽 37km 해역
